Loja;Cliente;Chave;Série;Documento;Emissão;Situação;Produto;Unid.;Qtde Unid.;Qtde;Valor unit.;Frete;Outros;Seguro;Desconto;CFOP;IPI;ICMS base;ICMS valor;ICMS ST base;ICMS ST valor;Valor do item;Valor
000001 - MERCADELI SUPERMERCADO LTDA;004 - JOELSON SANTOS FERREIRA;33231223549577000152551030000000421031504100;103;000000042;04/12/2023;Efetivada;175 - MELANCIA BABY KG;KG;1,00;1,33;9,99;0,00;0,00;0,00;0,00;5102;0,00;24,99;4,50;0,00;0,00;13,34;61,04
000001 - MERCADELI SUPERMERCADO LTDA;004 - JOELSON SANTOS FERREIRA;33231223549577000152551030000000421031504100;103;000000042;04/12/2023;Efetivada;937 - SACOLA PLASTICA UN.;UN;1,00;1,00;0,09;0,00;0,00;0,00;0,00;5102;0,00;24,99;4,50;0,00;0,00;0,09;61,04
000001 - MERCADELI SUPERMERCADO LTDA;004 - JOELSON SANTOS FERREIRA;33231223549577000152551030000000421031504100;103;000000042;04/12/2023;Efetivada;3650 - KAPO LARANJA 200ML;UN;1,00;1,00;2,29;0,00;0,00;0,00;0,00;5102;0,00;24,99;4,50;0,00;0,00;2,29;61,04
000001 - MERCADELI SUPERMERCADO LTDA;004 - JOELSON SANTOS FERREIRA;33231223549577000152551030000000421031504100;103;000000042;04/12/2023;Efetivada;3651 - KAPO UVA 200ML;UN;1,00;1,00;2,29;0,00;0,00;0,00;0,00;5102;0,00;24,99;4,50;0,00;0,00;2,29;61,04
000001 - MERCADELI SUPERMERCADO LTDA;004 - JOELSON SANTOS FERREIRA;33231223549577000152551030000000421031504100;103;000000042;04/12/2023;Efetivada;3922 - BOLO PLUSVITA FRAPE 250G;UN;1,00;1,00;8,79;0,00;0,00;0,00;0,00;5102;0,00;24,99;4,50;0,00;0,00;8,79;61,04
000001 - MERCADELI SUPERMERCADO LTDA;004 - JOELSON SANTOS FERREIRA;33231223549577000152551030000000421031504100;103;000000042;04/12/2023;Efetivada;16034 - CHOCOT.BAUDUCCO CHOCO 400G;UN;1,00;1,00;24,99;0,00;0,00;0,00;0,00;5102;0,00;24,99;4,50;0,00;0,00;24,99;61,04
000001 - MERCADELI SUPERMERCADO LTDA;004 - JOELSON SANTOS FERREIRA;33231223549577000152551030000000431031534057;103;000000043;29/12/2023;Efetivada;104 - BANANA PRATA KG;KG;1,00;0,82;10,99;0,00;0,00;0,00;0,00;5102;0,00;34,15;4,70;0,00;0,00;9,01;74,24
000001 - MERCADELI SUPERMERCADO LTDA;004 - JOELSON SANTOS FERREIRA;33231223549577000152551030000000431031534057;103;000000043;29/12/2023;Efetivada;919 - FINI TUBES MORANGO ACIDO 80G;UN;1,00;1,00;7,29;0,00;0,00;0,00;0,00;5102;0,00;34,15;4,70;0,00;0,00;7,29;74,24
000001 - MERCADELI SUPERMERCADO LTDA;004 - JOELSON SANTOS FERREIRA;33231223549577000152551030000000431031534057;103;000000043;29/12/2023;Efetivada;937 - SACOLA PLASTICA UN.;UN;1,00;1,00;0,09;0,00;0,00;0,00;0,00;5102;0,00;34,15;4,70;0,00;0,00;0,09;74,24
000001 - MERCADELI SUPERMERCADO LTDA;004 - JOELSON SANTOS FERREIRA;33231223549577000152551030000000431031534057;103;000000043;29/12/2023;Efetivada;1344 - PAO PLUSVITA TRADICIONAL 480G;UN;1,00;1,00;6,99;0,00;0,00;0,00;0,00;5102;0,00;34,15;4,70;0,00;0,00;6,99;74,24
000001 - MERCADELI SUPERMERCADO LTDA;004 - JOELSON SANTOS FERREIRA;33231223549577000152551030000000431031534057;103;000000043;29/12/2023;Efetivada;2114 - CEBOLA NACIONAL KG;KG;1,00;0,37;7,99;0,00;0,00;0,00;0,00;5102;0,00;34,15;4,70;0,00;0,00;3,00;74,24
000001 - MERCADELI SUPERMERCADO LTDA;004 - JOELSON SANTOS FERREIRA;33231223549577000152551030000000431031534057;103;000000043;29/12/2023;Efetivada;4968 - CORACAO DA ALCATRA PED. KG;KG;1,00;1,15;35,99;0,00;0,00;0,00;0,00;5102;0,00;34,15;4,70;0,00;0,00;41,39;74,24
000001 - MERCADELI SUPERMERCADO LTDA;004 - JOELSON SANTOS FERREIRA;33231223549577000152551030000000431031534057;103;000000043;29/12/2023;Efetivada;5967 - CREME DE LEITE ITALAC LEVE 200G;UN;1,00;1,00;3,19;0,00;0,00;0,00;0,00;5102;0,00;34,15;4,70;0,00;0,00;3,19;74,24
000001 - MERCADELI SUPERMERCADO LTDA;615 - MERCADELI SUPERMERCADO LTDA;33231223549577000152552000000017961002145244;200;000001796;27/12/2023;Efetivada;1291 - MILHO VERDE BONDUELLE 200G;UN;1,00;1,00;4,68;0,00;0,00;0,00;0,00;5927;0,00;31,26;5,62;0,00;0,00;4,68;480,88
000001 - MERCADELI SUPERMERCADO LTDA;615 - MERCADELI SUPERMERCADO LTDA;33231223549577000152552000000017961002145244;200;000001796;27/12/2023;Efetivada;1451 - PAO PLUSVITA DE MILHO 450G;UN;1,00;10,00;7,74;0,00;0,00;0,00;0,00;5927;0,00;31,26;5,62;0,00;0,00;77,40;480,88
000001 - MERCADELI SUPERMERCADO LTDA;615 - MERCADELI SUPERMERCADO LTDA;33231223549577000152552000000017961002145244;200;000001796;27/12/2023;Efetivada;1648 - FERMENTO EM PO ROYAL 100G;UN;1,00;1,00;3,05;0,00;0,00;0,00;0,00;5927;0,00;31,26;5,62;0,00;0,00;3,05;480,88
000001 - MERCADELI SUPERMERCADO LTDA;615 - MERCADELI SUPERMERCADO LTDA;33231223549577000152552000000017961002145244;200;000001796;27/12/2023;Efetivada;1682 - KETCHUP PREDILECTA PICANTE 400G;UN;1,00;4,00;4,20;0,00;0,00;0,00;0,00;5927;0,00;31,26;5,62;0,00;0,00;16,80;480,88
000001 - MERCADELI SUPERMERCADO LTDA;615 - MERCADELI SUPERMERCADO LTDA;33231223549577000152552000000017961002145244;200;000001796;27/12/2023;Efetivada;1938 - FEIJAO GRANFINO FRADINHO  500G;UN;1,00;6,00;3,40;0,00;0,00;0,00;0,00;5927;0,00;31,26;5,62;0,00;0,00;20,40;480,88
000001 - MERCADELI SUPERMERCADO LTDA;615 - MERCADELI SUPERMERCADO LTDA;33231223549577000152552000000017961002145244;200;000001796;27/12/2023;Efetivada;1968 - TAPIOCA DO ZE 500G;UN;1,00;1,00;4,29;0,00;0,00;0,00;0,00;5927;0,00;31,26;5,62;0,00;0,00;4,29;480,88
000001 - MERCADELI SUPERMERCADO LTDA;615 - MERCADELI SUPERMERCADO LTDA;33231223549577000152552000000017961002145244;200;000001796;27/12/2023;Efetivada;1981 - BISC. PIRAQUE PRESUNTINHO 100G;UN;1,00;1,00;2,98;0,00;0,00;0,00;0,00;5927;0,00;31,26;5,62;0,00;0,00;2,98;480,88
000001 - MERCADELI SUPERMERCADO LTDA;615 - MERCADELI SUPERMERCADO LTDA;33231223549577000152552000000017961002145244;200;000001796;27/12/2023;Efetivada;2293 - COOKIES BAUDUCCO CHOCOLATE 100G;UN;1,00;18,00;3,61;0,00;0,00;0,00;0,00;5927;0,00;31,26;5,62;0,00;0,00;64,98;480,88
000001 - MERCADELI SUPERMERCADO LTDA;615 - MERCADELI SUPERMERCADO LTDA;33231223549577000152552000000017961002145244;200;000001796;27/12/2023;Efetivada;2517 - COOKIES BAUDUCCO MAXI CHOCO. 96G;UN;1,00;1,00;4,12;0,00;0,00;0,00;0,00;5927;0,00;31,26;5,62;0,00;0,00;4,12;480,88
000001 - MERCADELI SUPERMERCADO LTDA;615 - MERCADELI SUPERMERCADO LTDA;33231223549577000152552000000017961002145244;200;000001796;27/12/2023;Efetivada;4625 - DETERGENTE LIMPOL COCO 500ML;UN;1,00;3,00;1,99;0,00;0,00;0,00;0,00;5927;0,00;31,26;5,62;0,00;0,00;5,97;480,88
000001 - MERCADELI SUPERMERCADO LTDA;615 - MERCADELI SUPERMERCADO LTDA;33231223549577000152552000000017961002145244;200;000001796;27/12/2023;Efetivada;4838 - CLORO CLORAL 2L;UN;1,00;3,00;6,19;0,00;0,00;0,00;0,00;5927;0,00;31,26;5,62;0,00;0,00;18,57;480,88
000001 - MERCADELI SUPERMERCADO LTDA;615 - MERCADELI SUPERMERCADO LTDA;33231223549577000152552000000017961002145244;200;000001796;27/12/2023;Efetivada;5048 - BISC. TRAKINAS CHOCOLATE 126G;UN;1,00;4,00;2,09;0,00;0,00;0,00;0,00;5927;0,00;31,26;5,62;0,00;0,00;8,36;480,88
000001 - MERCADELI SUPERMERCADO LTDA;615 - MERCADELI SUPERMERCADO LTDA;33231223549577000152552000000017961002145244;200;000001796;27/12/2023;Efetivada;5309 - KETCHUP PREDILECTA TRAD. 400G;UN;1,00;1,00;4,20;0,00;0,00;0,00;0,00;5927;0,00;31,26;5,62;0,00;0,00;4,20;480,88
000001 - MERCADELI SUPERMERCADO LTDA;615 - MERCADELI SUPERMERCADO LTDA;33231223549577000152552000000017961002145244;200;000001796;27/12/2023;Efetivada;7260 - ALCOOL PRING 70 +MEDICAL 1L;UN;1,00;1,00;5,08;0,00;0,00;0,00;0,00;5927;0,00;31,26;5,62;0,00;0,00;5,08;480,88
000001 - MERCADELI SUPERMERCADO LTDA;615 - MERCADELI SUPERMERCADO LTDA;33231223549577000152552000000017961002145244;200;000001796;27/12/2023;Efetivada;7263 - CEBOLA PALHA ADIKO 100G;UN;1,00;3,00;6,65;0,00;0,00;0,00;0,00;5927;0,00;31,26;5,62;0,00;0,00;19,95;480,88
000001 - MERCADELI SUPERMERCADO LTDA;615 - MERCADELI SUPERMERCADO LTDA;33231223549577000152552000000017961002145244;200;000001796;27/12/2023;Efetivada;7906 - MACARRAO DONA BENTA SEMOLA PARAFUSO 500G;UN;1,00;1,00;3,29;0,00;0,00;0,00;0,00;5927;0,00;31,26;5,62;0,00;0,00;3,29;480,88
000001 - MERCADELI SUPERMERCADO LTDA;615 - MERCADELI SUPERMERCADO LTDA;33231223549577000152552000000017961002145244;200;000001796;27/12/2023;Efetivada;7920 - QUEIJO PARM. RALADO REGINA 50G;UN;1,00;1,00;3,99;0,00;0,00;0,00;0,00;5927;0,00;31,26;5,62;0,00;0,00;3,99;480,88
000001 - MERCADELI SUPERMERCADO LTDA;615 - MERCADELI SUPERMERCADO LTDA;33231223549577000152552000000017961002145244;200;000001796;27/12/2023;Efetivada;8441 - FEIJAO COMBRASIL FRADINHO 500G;UN;1,00;3,00;3,29;0,00;0,00;0,00;0,00;5927;0,00;31,26;5,62;0,00;0,00;9,87;480,88
000001 - MERCADELI SUPERMERCADO LTDA;615 - MERCADELI SUPERMERCADO LTDA;33231223549577000152552000000017961002145244;200;000001796;27/12/2023;Efetivada;9149 - BISC. PIRAQUE RECHEADO MORANGO 160G;UN;1,00;5,00;2,88;0,00;0,00;0,00;0,00;5927;0,00;31,26;5,62;0,00;0,00;14,40;480,88
000001 - MERCADELI SUPERMERCADO LTDA;615 - MERCADELI SUPERMERCADO LTDA;33231223549577000152552000000017961002145244;200;000001796;27/12/2023;Efetivada;10344 - TOMATE SECO TIO PACO 200G;UN;1,00;1,00;17,25;0,00;0,00;0,00;0,00;5927;0,00;31,26;5,62;0,00;0,00;17,25;480,88
000001 - MERCADELI SUPERMERCADO LTDA;615 - MERCADELI SUPERMERCADO LTDA;33231223549577000152552000000017961002145244;200;000001796;27/12/2023;Efetivada;10388 - ADOCANTE UNIAO SUCRALOSE 65ML;UN;1,00;1,00;6,90;0,00;0,00;0,00;0,00;5927;0,00;31,26;5,62;0,00;0,00;6,90;480,88
000001 - MERCADELI SUPERMERCADO LTDA;615 - MERCADELI SUPERMERCADO LTDA;33231223549577000152552000000017961002145244;200;000001796;27/12/2023;Efetivada;10586 - PATE ATUM PICANTE GOMES DA COSTA 150G;UN;1,00;1,00;8,38;0,00;0,00;0,00;0,00;5927;0,00;31,26;5,62;0,00;0,00;8,38;480,88
000001 - MERCADELI SUPERMERCADO LTDA;615 - MERCADELI SUPERMERCADO LTDA;33231223549577000152552000000017961002145244;200;000001796;27/12/2023;Efetivada;11303 - BISC. PIRAQUE SNACK DE BATATA ORIG. 60G;UN;1,00;8,00;3,84;0,00;0,00;0,00;0,00;5927;0,00;31,26;5,62;0,00;0,00;30,72;480,88
000001 - MERCADELI SUPERMERCADO LTDA;615 - MERCADELI SUPERMERCADO LTDA;33231223549577000152552000000017961002145244;200;000001796;27/12/2023;Efetivada;12380 - BISC. OREO CHOCO. 90G;UN;1,00;28,00;2,70;0,00;0,00;0,00;0,00;5927;0,00;31,26;5,62;0,00;0,00;75,60;480,88
000001 - MERCADELI SUPERMERCADO LTDA;615 - MERCADELI SUPERMERCADO LTDA;33231223549577000152552000000017961002145244;200;000001796;27/12/2023;Efetivada;13693 - BISC. PIRAQUE SNACK CEBOLA E SALSA 60G;UN;1,00;3,00;3,84;0,00;0,00;0,00;0,00;5927;0,00;31,26;5,62;0,00;0,00;11,52;480,88
000001 - MERCADELI SUPERMERCADO LTDA;615 - MERCADELI SUPERMERCADO LTDA;33231223549577000152552000000017961002145244;200;000001796;27/12/2023;Efetivada;14049 - DET. PO SURF ROSAS/FLOR. 800G;UN;1,00;1,00;7,68;0,00;0,00;0,00;0,00;5927;0,00;31,26;5,62;0,00;0,00;7,68;480,88
000001 - MERCADELI SUPERMERCADO LTDA;615 - MERCADELI SUPERMERCADO LTDA;33231223549577000152552000000017961002145244;200;000001796;27/12/2023;Efetivada;14790 - MOLHO DE TOMATE CHAMPIGNON PREDILECTA 300G;UN;1,00;3,00;2,82;0,00;0,00;0,00;0,00;5927;0,00;31,26;5,62;0,00;0,00;8,46;480,88
000001 - MERCADELI SUPERMERCADO LTDA;615 - MERCADELI SUPERMERCADO LTDA;33231223549577000152552000000017961002145244;200;000001796;27/12/2023;Efetivada;15514 - BISC. NEGRESCO 90G;UN;1,00;1,00;2,26;0,00;0,00;0,00;0,00;5927;0,00;31,26;5,62;0,00;0,00;2,26;480,88
000001 - MERCADELI SUPERMERCADO LTDA;615 - MERCADELI SUPERMERCADO LTDA;33231223549577000152552000000017961002145244;200;000001796;27/12/2023;Efetivada;15704 - ADOCANTE UNIAO SUCRALOSE 30G;UN;1,00;1,00;6,00;0,00;0,00;0,00;0,00;5927;0,00;31,26;5,62;0,00;0,00;6,00;480,88
000001 - MERCADELI SUPERMERCADO LTDA;615 - MERCADELI SUPERMERCADO LTDA;33231223549577000152552000000017961002145244;200;000001796;27/12/2023;Efetivada;15810 - AMENDOIM VERM. COMBRASIL  500G;UN;1,00;1,00;9,74;0,00;0,00;0,00;0,00;5927;0,00;31,26;5,62;0,00;0,00;9,74;480,88
000001 - MERCADELI SUPERMERCADO LTDA;615 - MERCADELI SUPERMERCADO LTDA;33231223549577000152552000000017961002145244;200;000001796;27/12/2023;Efetivada;16135 - ROSQUINHA MABEL LEITE 300G;UN;1,00;1,00;3,99;0,00;0,00;0,00;0,00;5927;0,00;31,26;5,62;0,00;0,00;3,99;480,88
000001 - MERCADELI SUPERMERCADO LTDA;615 - MERCADELI SUPERMERCADO LTDA;33231223549577000152552000000017971002145250;200;000001797;27/12/2023;Efetivada;1344 - PAO PLUSVITA TRADICIONAL 480G;UN;1,00;2,00;5,10;0,00;0,00;0,00;0,00;5927;0,00;28,84;5,18;0,00;0,00;10,20;237,30
000001 - MERCADELI SUPERMERCADO LTDA;615 - MERCADELI SUPERMERCADO LTDA;33231223549577000152552000000017971002145250;200;000001797;27/12/2023;Efetivada;1787 - LEITE CONDENSADO ITALAC SEMIDES. 395G;UN;1,00;3,00;4,29;0,00;0,00;0,00;0,00;5927;0,00;28,84;5,18;0,00;0,00;12,87;237,30
000001 - MERCADELI SUPERMERCADO LTDA;615 - MERCADELI SUPERMERCADO LTDA;33231223549577000152552000000017971002145250;200;000001797;27/12/2023;Efetivada;2640 - ARROZ BRANCO TIO JOAO 1KG;UN;1,00;3,00;6,64;0,00;0,00;0,00;0,00;5927;0,00;28,84;5,18;0,00;0,00;19,92;237,30
000001 - MERCADELI SUPERMERCADO LTDA;615 - MERCADELI SUPERMERCADO LTDA;33231223549577000152552000000017971002145250;200;000001797;27/12/2023;Efetivada;2784 - MAIONESE HELLMANNS 500G;UN;1,00;4,00;9,35;0,00;0,00;0,00;0,00;5927;0,00;28,84;5,18;0,00;0,00;37,40;237,30
000001 - MERCADELI SUPERMERCADO LTDA;615 - MERCADELI SUPERMERCADO LTDA;33231223549577000152552000000017971002145250;200;000001797;27/12/2023;Efetivada;3232 - GELATINA ROYAL S/ SABOR 24G;UN;1,00;1,00;5,94;0,00;0,00;0,00;0,00;5927;0,00;28,84;5,18;0,00;0,00;5,94;237,30
000001 - MERCADELI SUPERMERCADO LTDA;615 - MERCADELI SUPERMERCADO LTDA;33231223549577000152552000000017971002145250;200;000001797;27/12/2023;Efetivada;4467 - MACARRAO PAGANINI LINGUINE 500G;UN;1,00;1,00;7,36;0,00;0,00;0,00;0,00;5927;0,00;28,84;5,18;0,00;0,00;7,36;237,30
000001 - MERCADELI SUPERMERCADO LTDA;615 - MERCADELI SUPERMERCADO LTDA;33231223549577000152552000000017971002145250;200;000001797;27/12/2023;Efetivada;5967 - CREME DE LEITE ITALAC LEVE 200G;UN;1,00;4,00;2,42;0,00;0,00;0,00;0,00;5927;0,00;28,84;5,18;0,00;0,00;9,68;237,30
000001 - MERCADELI SUPERMERCADO LTDA;615 - MERCADELI SUPERMERCADO LTDA;33231223549577000152552000000017971002145250;200;000001797;27/12/2023;Efetivada;6162 - AZEITE BORGES E. VIRG. CLASS. 500ML;UN;1,00;1,00;30,98;0,00;0,00;0,00;0,00;5927;0,00;28,84;5,18;0,00;0,00;30,98;237,30
000001 - MERCADELI SUPERMERCADO LTDA;615 - MERCADELI SUPERMERCADO LTDA;33231223549577000152552000000017971002145250;200;000001797;27/12/2023;Efetivada;6819 - ERVILHAS EM CONSERVA PREDILECTA 170G;UN;1,00;1,00;3,19;0,00;0,00;0,00;0,00;5927;0,00;28,84;5,18;0,00;0,00;3,19;237,30
000001 - MERCADELI SUPERMERCADO LTDA;615 - MERCADELI SUPERMERCADO LTDA;33231223549577000152552000000017971002145250;200;000001797;27/12/2023;Efetivada;6844 - MILHO EM CONSERVA PREDILECTA 170G;UN;1,00;2,00;2,69;0,00;0,00;0,00;0,00;5927;0,00;28,84;5,18;0,00;0,00;5,38;237,30
000001 - MERCADELI SUPERMERCADO LTDA;615 - MERCADELI SUPERMERCADO LTDA;33231223549577000152552000000017971002145250;200;000001797;27/12/2023;Efetivada;7326 - FARINHA DE MANDIOCA DO ZE 1KG;UN;1,00;5,00;4,19;0,00;0,00;0,00;0,00;5927;0,00;28,84;5,18;0,00;0,00;20,95;237,30
000001 - MERCADELI SUPERMERCADO LTDA;615 - MERCADELI SUPERMERCADO LTDA;33231223549577000152552000000017971002145250;200;000001797;27/12/2023;Efetivada;7705 - VINAGRE PEIXE COLORIDO 750ML;UN;1,00;1,00;1,83;0,00;0,00;0,00;0,00;5927;0,00;28,84;5,18;0,00;0,00;1,83;237,30
000001 - MERCADELI SUPERMERCADO LTDA;615 - MERCADELI SUPERMERCADO LTDA;33231223549577000152552000000017971002145250;200;000001797;27/12/2023;Efetivada;8337 - TODDYNHO LEVINHO 200ML;UN;1,00;4,00;1,86;0,00;0,00;0,00;0,00;5927;0,00;28,84;5,18;0,00;0,00;7,44;237,30
000001 - MERCADELI SUPERMERCADO LTDA;615 - MERCADELI SUPERMERCADO LTDA;33231223549577000152552000000017971002145250;200;000001797;27/12/2023;Efetivada;9137 - BATATA PALHA TRAD YOKI 105G;UN;1,00;2,00;4,50;0,00;0,00;0,00;0,00;5927;0,00;28,84;5,18;0,00;0,00;9,00;237,30
000001 - MERCADELI SUPERMERCADO LTDA;615 - MERCADELI SUPERMERCADO LTDA;33231223549577000152552000000017971002145250;200;000001797;27/12/2023;Efetivada;9355 - TEMPERO COMPLETO TEMPEMAR CASEIRO 270G;UN;1,00;1,00;2,21;0,00;0,00;0,00;0,00;5927;0,00;28,84;5,18;0,00;0,00;2,21;237,30
000001 - MERCADELI SUPERMERCADO LTDA;615 - MERCADELI SUPERMERCADO LTDA;33231223549577000152552000000017971002145250;200;000001797;27/12/2023;Efetivada;11400 - ACENDEDOR PARANA BASTAO 5UN.;UN;1,00;1,00;3,39;0,00;0,00;0,00;0,00;5927;0,00;28,84;5,18;0,00;0,00;3,39;237,30
000001 - MERCADELI SUPERMERCADO LTDA;615 - MERCADELI SUPERMERCADO LTDA;33231223549577000152552000000017971002145250;200;000001797;27/12/2023;Efetivada;13327 - GELATINA DR. OETKER MORANGO 20G;UN;1,00;3,00;1,34;0,00;0,00;0,00;0,00;5927;0,00;28,84;5,18;0,00;0,00;4,02;237,30
000001 - MERCADELI SUPERMERCADO LTDA;615 - MERCADELI SUPERMERCADO LTDA;33231223549577000152552000000017971002145250;200;000001797;27/12/2023;Efetivada;14859 - LEITE DE AVEIA NUTS Z. LAC 1L;UN;1,00;1,00;8,80;0,00;0,00;0,00;0,00;5927;0,00;28,84;5,18;0,00;0,00;8,80;237,30
000001 - MERCADELI SUPERMERCADO LTDA;615 - MERCADELI SUPERMERCADO LTDA;33231223549577000152552000000017971002145250;200;000001797;27/12/2023;Efetivada;15854 - SORVETE SOL&NEVE PISTACHO 15L;UN;1,00;1,00;18,37;0,00;0,00;0,00;0,00;5927;0,00;28,84;5,18;0,00;0,00;18,37;237,30
000001 - MERCADELI SUPERMERCADO LTDA;615 - MERCADELI SUPERMERCADO LTDA;33231223549577000152552000000017971002145250;200;000001797;27/12/2023;Efetivada;16097 - SORV. AURUS NAPOLITANO 15L;UN;1,00;1,00;18,37;0,00;0,00;0,00;0,00;5927;0,00;28,84;5,18;0,00;0,00;18,37;237,30
000001 - MERCADELI SUPERMERCADO LTDA;615 - MERCADELI SUPERMERCADO LTDA;33231223549577000152552000000017981002145265;200;000001798;27/12/2023;Efetivada;1451 - PAO PLUSVITA DE MILHO 450G;UN;1,00;7,00;7,74;0,00;0,00;0,00;0,00;5927;0,00;0,00;0,00;0,00;0,00;54,18;813,20
000001 - MERCADELI SUPERMERCADO LTDA;615 - MERCADELI SUPERMERCADO LTDA;33231223549577000152552000000017981002145265;200;000001798;27/12/2023;Efetivada;5159 - BISC. PINGO DOURO BACON 48G;UN;1,00;1,00;2,32;0,00;0,00;0,00;0,00;5927;0,00;0,00;0,00;0,00;0,00;2,32;813,20
000001 - MERCADELI SUPERMERCADO LTDA;615 - MERCADELI SUPERMERCADO LTDA;33231223549577000152552000000017981002145265;200;000001798;27/12/2023;Efetivada;8280 - BISC. FANDANGOS QUEIJO 37G;UN;1,00;8,00;2,28;0,00;0,00;0,00;0,00;5927;0,00;0,00;0,00;0,00;0,00;18,24;813,20
000001 - MERCADELI SUPERMERCADO LTDA;615 - MERCADELI SUPERMERCADO LTDA;33231223549577000152552000000017981002145265;200;000001798;27/12/2023;Efetivada;9660 - GRANOLA INT. JASMINE TRAD. C/COCO E UVAS-PASSAS 300G;UN;1,00;5,00;10,23;0,00;0,00;0,00;0,00;5927;0,00;0,00;0,00;0,00;0,00;51,15;813,20
000001 - MERCADELI SUPERMERCADO LTDA;615 - MERCADELI SUPERMERCADO LTDA;33231223549577000152552000000017981002145265;200;000001798;27/12/2023;Efetivada;12590 - QUEIJO PAR.RALAD.PRESIDENT 100G;UN;1,00;70,00;9,19;0,00;0,00;0,00;0,00;5927;0,00;0,00;0,00;0,00;0,00;643,30;813,20
000001 - MERCADELI SUPERMERCADO LTDA;615 - MERCADELI SUPERMERCADO LTDA;33231223549577000152552000000017981002145265;200;000001798;27/12/2023;Efetivada;12990 - PAO VISCONTI TRADICIONAL 400G;UN;1,00;6,00;5,40;0,00;0,00;0,00;0,00;5927;0,00;0,00;0,00;0,00;0,00;32,40;813,20
000001 - MERCADELI SUPERMERCADO LTDA;615 - MERCADELI SUPERMERCADO LTDA;33231223549577000152552000000017981002145265;200;000001798;27/12/2023;Efetivada;13930 - BISC. CHEETOS LUA PARMESAO 40G;UN;1,00;1,00;2,65;0,00;0,00;0,00;0,00;5927;0,00;0,00;0,00;0,00;0,00;2,65;813,20
000001 - MERCADELI SUPERMERCADO LTDA;615 - MERCADELI SUPERMERCADO LTDA;33231223549577000152552000000017981002145265;200;000001798;27/12/2023;Efetivada;15076 - B. DE CHOCO. NESTLE ALPINO 85G;UN;1,00;2,00;4,48;0,00;0,00;0,00;0,00;5927;0,00;0,00;0,00;0,00;0,00;8,96;813,20
000001 - MERCADELI SUPERMERCADO LTDA;615 - MERCADELI SUPERMERCADO LTDA;33231223549577000152552000000017991002145270;200;000001799;27/12/2023;Efetivada;741 - CANJIQUINHA VERMELHA GRANFINO 500G;UN;1,00;4,00;1,60;0,00;0,00;0,00;0,00;5927;0,00;254,19;45,76;0,00;0,00;6,40;676,31
000001 - MERCADELI SUPERMERCADO LTDA;615 - MERCADELI SUPERMERCADO LTDA;33231223549577000152552000000017991002145270;200;000001799;27/12/2023;Efetivada;1437 - MACARRAO BARILLA LINGUINE 500G;UN;1,00;1,00;4,29;0,00;0,00;0,00;0,00;5927;0,00;254,19;45,76;0,00;0,00;4,29;676,31
000001 - MERCADELI SUPERMERCADO LTDA;615 - MERCADELI SUPERMERCADO LTDA;33231223549577000152552000000017991002145270;200;000001799;27/12/2023;Efetivada;1460 - ACUCAR UNIAO REFINADO 1KG;UN;1,00;5,00;4,35;0,00;0,00;0,00;0,00;5927;0,00;254,19;45,76;0,00;0,00;21,75;676,31
000001 - MERCADELI SUPERMERCADO LTDA;615 - MERCADELI SUPERMERCADO LTDA;33231223549577000152552000000017991002145270;200;000001799;27/12/2023;Efetivada;1628 - OLEO LIZA CANOLA 900ML;UN;1,00;1,00;14,17;0,00;0,00;0,00;0,00;5927;0,00;254,19;45,76;0,00;0,00;14,17;676,31
000001 - MERCADELI SUPERMERCADO LTDA;615 - MERCADELI SUPERMERCADO LTDA;33231223549577000152552000000017991002145270;200;000001799;27/12/2023;Efetivada;1635 - CAFE PILAO TRADICIONAL POUCH 250G;UN;1,00;3,00;8,55;0,00;0,00;0,00;0,00;5927;0,00;254,19;45,76;0,00;0,00;25,65;676,31
000001 - MERCADELI SUPERMERCADO LTDA;615 - MERCADELI SUPERMERCADO LTDA;33231223549577000152552000000017991002145270;200;000001799;27/12/2023;Efetivada;1947 - FARINHA MANDIOCA GRANFINO CRUA 1KG;UN;1,00;1,00;5,90;0,00;0,00;0,00;0,00;5927;0,00;254,19;45,76;0,00;0,00;5,90;676,31
000001 - MERCADELI SUPERMERCADO LTDA;615 - MERCADELI SUPERMERCADO LTDA;33231223549577000152552000000017991002145270;200;000001799;27/12/2023;Efetivada;1982 - BISC. PIRAQUE CREAM CRACKERS 200G;UN;1,00;5,00;3,56;0,00;0,00;0,00;0,00;5927;0,00;254,19;45,76;0,00;0,00;17,80;676,31
000001 - MERCADELI SUPERMERCADO LTDA;615 - MERCADELI SUPERMERCADO LTDA;33231223549577000152552000000017991002145270;200;000001799;27/12/2023;Efetivada;2639 - FEIJAO PRETO COMBRASIL 1KG;UN;1,00;1,00;6,98;0,00;0,00;0,00;0,00;5927;0,00;254,19;45,76;0,00;0,00;6,98;676,31
000001 - MERCADELI SUPERMERCADO LTDA;615 - MERCADELI SUPERMERCADO LTDA;33231223549577000152552000000017991002145270;200;000001799;27/12/2023;Efetivada;2640 - ARROZ BRANCO TIO JOAO 1KG;UN;1,00;1,00;6,64;0,00;0,00;0,00;0,00;5927;0,00;254,19;45,76;0,00;0,00;6,64;676,31
000001 - MERCADELI SUPERMERCADO LTDA;615 - MERCADELI SUPERMERCADO LTDA;33231223549577000152552000000017991002145270;200;000001799;27/12/2023;Efetivada;2729 - FARINHA MANDIOCA GRANFINO TORRADA 1KG;UN;1,00;1,00;5,90;0,00;0,00;0,00;0,00;5927;0,00;254,19;45,76;0,00;0,00;5,90;676,31
000001 - MERCADELI SUPERMERCADO LTDA;615 - MERCADELI SUPERMERCADO LTDA;33231223549577000152552000000017991002145270;200;000001799;27/12/2023;Efetivada;3725 - NECTAR MAGUARY CAJU 1L;UN;1,00;1,00;4,34;0,00;0,00;0,00;0,00;5927;0,00;254,19;45,76;0,00;0,00;4,34;676,31
000001 - MERCADELI SUPERMERCADO LTDA;615 - MERCADELI SUPERMERCADO LTDA;33231223549577000152552000000017991002145270;200;000001799;27/12/2023;Efetivada;4085 - CAFE PILAO E.FORTE POUCH 500G;UN;1,00;12,00;17,10;0,00;0,00;0,00;0,00;5927;0,00;254,19;45,76;0,00;0,00;205,20;676,31
000001 - MERCADELI SUPERMERCADO LTDA;615 - MERCADELI SUPERMERCADO LTDA;33231223549577000152552000000017991002145270;200;000001799;27/12/2023;Efetivada;5115 - LEITE CONDENSADO PIRACANJUBA SEMIDES. 395G;UN;1,00;5,00;4,72;0,00;0,00;0,00;0,00;5927;0,00;254,19;45,76;0,00;0,00;23,60;676,31
000001 - MERCADELI SUPERMERCADO LTDA;615 - MERCADELI SUPERMERCADO LTDA;33231223549577000152552000000017991002145270;200;000001799;27/12/2023;Efetivada;6307 - ARROZ BRANCO COMBRASIL 1KG;UN;1,00;1,00;4,73;0,00;0,00;0,00;0,00;5927;0,00;254,19;45,76;0,00;0,00;4,73;676,31
000001 - MERCADELI SUPERMERCADO LTDA;615 - MERCADELI SUPERMERCADO LTDA;33231223549577000152552000000017991002145270;200;000001799;27/12/2023;Efetivada;6625 - MAIONESE HELLMANNS LIGHT 500G;UN;1,00;2,00;10,52;0,00;0,00;0,00;0,00;5927;0,00;254,19;45,76;0,00;0,00;21,04;676,31
000001 - MERCADELI SUPERMERCADO LTDA;615 - MERCADELI SUPERMERCADO LTDA;33231223549577000152552000000017991002145270;200;000001799;27/12/2023;Efetivada;7276 - NATURAL TEA CHA HIBISCO/ROMA/GOJI BERRY 1L;UN;1,00;1,00;3,90;0,00;0,00;0,00;0,00;5927;0,00;254,19;45,76;0,00;0,00;3,90;676,31
000001 - MERCADELI SUPERMERCADO LTDA;615 - MERCADELI SUPERMERCADO LTDA;33231223549577000152552000000017991002145270;200;000001799;27/12/2023;Efetivada;8801 - FUBA MIMOSO CAMPISTA 1KG;UN;1,00;9,00;3,20;0,00;0,00;0,00;0,00;5927;0,00;254,19;45,76;0,00;0,00;28,80;676,31
000001 - MERCADELI SUPERMERCADO LTDA;615 - MERCADELI SUPERMERCADO LTDA;33231223549577000152552000000017991002145270;200;000001799;27/12/2023;Efetivada;9138 - BATATA PALHA EXTRAFINA YOKI 100G;UN;1,00;1,00;4,50;0,00;0,00;0,00;0,00;5927;0,00;254,19;45,76;0,00;0,00;4,50;676,31
000001 - MERCADELI SUPERMERCADO LTDA;615 - MERCADELI SUPERMERCADO LTDA;33231223549577000152552000000017991002145270;200;000001799;27/12/2023;Efetivada;9251 - SAL CISNE 1KG;UN;1,00;2,00;2,75;0,00;0,00;0,00;0,00;5927;0,00;254,19;45,76;0,00;0,00;5,50;676,31
000001 - MERCADELI SUPERMERCADO LTDA;615 - MERCADELI SUPERMERCADO LTDA;33231223549577000152552000000017991002145270;200;000001799;27/12/2023;Efetivada;9337 - ERVILHA GRANFINO 500G;UN;1,00;5,00;4,80;0,00;0,00;0,00;0,00;5927;0,00;254,19;45,76;0,00;0,00;24,00;676,31
000001 - MERCADELI SUPERMERCADO LTDA;615 - MERCADELI SUPERMERCADO LTDA;33231223549577000152552000000017991002145270;200;000001799;27/12/2023;Efetivada;11006 - MILHO DE PIPOCA GRANFINO 500G;UN;1,00;8,00;3,50;0,00;0,00;0,00;0,00;5927;0,00;254,19;45,76;0,00;0,00;28,00;676,31
000001 - MERCADELI SUPERMERCADO LTDA;615 - MERCADELI SUPERMERCADO LTDA;33231223549577000152552000000017991002145270;200;000001799;27/12/2023;Efetivada;12404 - MACARRAO BARILLA PENNE 500G;UN;1,00;1,00;4,29;0,00;0,00;0,00;0,00;5927;0,00;254,19;45,76;0,00;0,00;4,29;676,31
000001 - MERCADELI SUPERMERCADO LTDA;615 - MERCADELI SUPERMERCADO LTDA;33231223549577000152552000000017991002145270;200;000001799;27/12/2023;Efetivada;12590 - QUEIJO PAR.RALAD.PRESIDENT 100G;UN;1,00;2,00;9,19;0,00;0,00;0,00;0,00;5927;0,00;254,19;45,76;0,00;0,00;18,38;676,31
000001 - MERCADELI SUPERMERCADO LTDA;615 - MERCADELI SUPERMERCADO LTDA;33231223549577000152552000000017991002145270;200;000001799;27/12/2023;Efetivada;13320 - FARINHA DE TRIGO GRANFINO 1KG;UN;1,00;2,00;3,90;0,00;0,00;0,00;0,00;5927;0,00;254,19;45,76;0,00;0,00;7,80;676,31
000001 - MERCADELI SUPERMERCADO LTDA;615 - MERCADELI SUPERMERCADO LTDA;33231223549577000152552000000017991002145270;200;000001799;27/12/2023;Efetivada;13358 - CAFE MELITTA E. FORTE POUCH 500G;UN;1,00;1,00;15,98;0,00;0,00;0,00;0,00;5927;0,00;254,19;45,76;0,00;0,00;15,98;676,31
000001 - MERCADELI SUPERMERCADO LTDA;615 - MERCADELI SUPERMERCADO LTDA;33231223549577000152552000000017991002145270;200;000001799;27/12/2023;Efetivada;13756 - POLVILHO AZEDO GRANFINO 500G;UN;1,00;1,00;4,70;0,00;0,00;0,00;0,00;5927;0,00;254,19;45,76;0,00;0,00;4,70;676,31
000001 - MERCADELI SUPERMERCADO LTDA;615 - MERCADELI SUPERMERCADO LTDA;33231223549577000152552000000017991002145270;200;000001799;27/12/2023;Efetivada;14145 - FARINHA DE MILHO FLOCAO COMBRASIL 500G;UN;1,00;5,00;2,24;0,00;0,00;0,00;0,00;5927;0,00;254,19;45,76;0,00;0,00;11,20;676,31
000001 - MERCADELI SUPERMERCADO LTDA;615 - MERCADELI SUPERMERCADO LTDA;33231223549577000152552000000017991002145270;200;000001799;27/12/2023;Efetivada;14180 - ACHOCOLATADO EM PO TODDY 370G;UN;1,00;1,00;6,76;0,00;0,00;0,00;0,00;5927;0,00;254,19;45,76;0,00;0,00;6,76;676,31
000001 - MERCADELI SUPERMERCADO LTDA;615 - MERCADELI SUPERMERCADO LTDA;33231223549577000152552000000017991002145270;200;000001799;27/12/2023;Efetivada;14373 - MACARRAO ADRIA SEMOLA ESPAG. 750G;UN;1,00;1,00;3,53;0,00;0,00;0,00;0,00;5927;0,00;254,19;45,76;0,00;0,00;3,53;676,31
000001 - MERCADELI SUPERMERCADO LTDA;615 - MERCADELI SUPERMERCADO LTDA;33231223549577000152552000000017991002145270;200;000001799;27/12/2023;Efetivada;14650 - FUBA DE MILHO COMBRASIL 500G;UN;1,00;3,00;1,84;0,00;0,00;0,00;0,00;5927;0,00;254,19;45,76;0,00;0,00;5,52;676,31
000001 - MERCADELI SUPERMERCADO LTDA;615 - MERCADELI SUPERMERCADO LTDA;33231223549577000152552000000017991002145270;200;000001799;27/12/2023;Efetivada;14975 - GRANULADO DORI COLORIDO 120G;UN;1,00;5,00;3,01;0,00;0,00;0,00;0,00;5927;0,00;254,19;45,76;0,00;0,00;15,05;676,31
000001 - MERCADELI SUPERMERCADO LTDA;615 - MERCADELI SUPERMERCADO LTDA;33231223549577000152552000000017991002145270;200;000001799;27/12/2023;Efetivada;15062 - SAL ATLANTIS JASMINE 1KG;UN;1,00;1,00;6,37;0,00;0,00;0,00;0,00;5927;0,00;254,19;45,76;0,00;0,00;6,37;676,31
000001 - MERCADELI SUPERMERCADO LTDA;615 - MERCADELI SUPERMERCADO LTDA;33231223549577000152552000000017991002145270;200;000001799;27/12/2023;Efetivada;15524 - BISC.PIRAQUE CR.CRACKER INT. 215G;UN;1,00;27,00;3,21;0,00;0,00;0,00;0,00;5927;0,00;254,19;45,76;0,00;0,00;86,67;676,31
000001 - MERCADELI SUPERMERCADO LTDA;615 - MERCADELI SUPERMERCADO LTDA;33231223549577000152552000000017991002145270;200;000001799;27/12/2023;Efetivada;15525 - BISC.PIRAQUE CR.CRACKER GERG.215G;UN;1,00;1,00;3,21;0,00;0,00;0,00;0,00;5927;0,00;254,19;45,76;0,00;0,00;3,21;676,31
000001 - MERCADELI SUPERMERCADO LTDA;615 - MERCADELI SUPERMERCADO LTDA;33231223549577000152552000000017991002145270;200;000001799;27/12/2023;Efetivada;15985 - PIPOCA YOKI PREMIUM 400G;UN;1,00;2,00;4,44;0,00;0,00;0,00;0,00;5927;0,00;254,19;45,76;0,00;0,00;8,88;676,31
000001 - MERCADELI SUPERMERCADO LTDA;615 - MERCADELI SUPERMERCADO LTDA;33231223549577000152552000000018011002146358;200;000001801;28/12/2023;Efetivada;2340 - LINGUICA SUINA SADIA GUANABARA 500G;UN;1,00;3,00;15,33;0,00;0,00;0,00;0,00;5927;0,00;83,20;14,98;0,00;0,00;45,99;465,33
000001 - MERCADELI SUPERMERCADO LTDA;615 - MERCADELI SUPERMERCADO LTDA;33231223549577000152552000000018011002146358;200;000001801;28/12/2023;Efetivada;3166 - SALSICHA HOT DOG SADIA 500G;UN;1,00;6,00;7,02;0,00;0,00;0,00;0,00;5927;0,00;83,20;14,98;0,00;0,00;42,12;465,33
000001 - MERCADELI SUPERMERCADO LTDA;615 - MERCADELI SUPERMERCADO LTDA;33231223549577000152552000000018011002146358;200;000001801;28/12/2023;Efetivada;3340 - YAKISOBA SEARA 500G;UN;1,00;4,00;12,79;0,00;0,00;0,00;0,00;5927;0,00;83,20;14,98;0,00;0,00;51,16;465,33
000001 - MERCADELI SUPERMERCADO LTDA;615 - MERCADELI SUPERMERCADO LTDA;33231223549577000152552000000018011002146358;200;000001801;28/12/2023;Efetivada;5734 - BACON EM FATIAS AURORA 250G;UN;1,00;4,00;11,92;0,00;0,00;0,00;0,00;5927;0,00;83,20;14,98;0,00;0,00;47,68;465,33
000001 - MERCADELI SUPERMERCADO LTDA;615 - MERCADELI SUPERMERCADO LTDA;33231223549577000152552000000018011002146358;200;000001801;28/12/2023;Efetivada;9071 - CHIKENITOS FRANGO COM QUEIJO SEARA 300G;UN;1,00;1,00;7,67;0,00;0,00;0,00;0,00;5927;0,00;83,20;14,98;0,00;0,00;7,67;465,33
000001 - MERCADELI SUPERMERCADO LTDA;615 - MERCADELI SUPERMERCADO LTDA;33231223549577000152552000000018011002146358;200;000001801;28/12/2023;Efetivada;9320 - SALSICHA HOT DOG PERDIGAO FRANGO 500G;UN;1,00;2,00;7,14;0,00;0,00;0,00;0,00;5927;0,00;83,20;14,98;0,00;0,00;14,28;465,33
000001 - MERCADELI SUPERMERCADO LTDA;615 - MERCADELI SUPERMERCADO LTDA;33231223549577000152552000000018011002146358;200;000001801;28/12/2023;Efetivada;10712 - TORTA SADIA MASSA IOG. FRANGO/PALMITO 500G;UN;1,00;1,00;14,08;0,00;0,00;0,00;0,00;5927;0,00;83,20;14,98;0,00;0,00;14,08;465,33
000001 - MERCADELI SUPERMERCADO LTDA;615 - MERCADELI SUPERMERCADO LTDA;33231223549577000152552000000018011002146358;200;000001801;28/12/2023;Efetivada;11877 - STEAK EMPANADO DE FRANGO 100G;UN;1,00;14,00;1,55;0,00;0,00;0,00;0,00;5927;0,00;83,20;14,98;0,00;0,00;21,70;465,33
000001 - MERCADELI SUPERMERCADO LTDA;615 - MERCADELI SUPERMERCADO LTDA;33231223549577000152552000000018011002146358;200;000001801;28/12/2023;Efetivada;15507 - F. PEITO DE FRANGO C/ M. DE TOMATE AURORA 310G;UN;1,00;4,00;16,61;0,00;0,00;0,00;0,00;5927;0,00;83,20;14,98;0,00;0,00;66,44;465,33
000001 - MERCADELI SUPERMERCADO LTDA;615 - MERCADELI SUPERMERCADO LTDA;33231223549577000152552000000018011002146358;200;000001801;28/12/2023;Efetivada;15908 - LING. SEARA CHIMICHURRI 600G;UN;1,00;4,00;8,75;0,00;0,00;0,00;0,00;5927;0,00;83,20;14,98;0,00;0,00;35,00;465,33
000001 - MERCADELI SUPERMERCADO LTDA;615 - MERCADELI SUPERMERCADO LTDA;33231223549577000152552000000018011002146358;200;000001801;28/12/2023;Efetivada;15945 - SALSICHA DE PERU SADIA 500G;UN;1,00;1,00;7,59;0,00;0,00;0,00;0,00;5927;0,00;83,20;14,98;0,00;0,00;7,59;465,33
000001 - MERCADELI SUPERMERCADO LTDA;615 - MERCADELI SUPERMERCADO LTDA;33231223549577000152552000000018011002146358;200;000001801;28/12/2023;Efetivada;15945 - SALSICHA DE PERU SADIA 500G;UN;1,00;9,00;7,59;0,00;0,00;0,00;0,00;5927;0,00;83,20;14,98;0,00;0,00;68,31;465,33
000001 - MERCADELI SUPERMERCADO LTDA;615 - MERCADELI SUPERMERCADO LTDA;33231223549577000152552000000018011002146358;200;000001801;28/12/2023;Efetivada;15996 - LING.CALABRESA PIF PAF FINA 240G;UN;1,00;6,00;3,56;0,00;0,00;0,00;0,00;5927;0,00;83,20;14,98;0,00;0,00;21,36;465,33
000001 - MERCADELI SUPERMERCADO LTDA;615 - MERCADELI SUPERMERCADO LTDA;33231223549577000152552000000018031002148231;200;000001803;29/12/2023;Efetivada;620 - PEITO DE PERU SADIA DEF. KG;KG;1,00;0,08;35,38;0,00;0,00;0,00;0,00;5927;0,00;58,70;10,57;0,00;0,00;2,97;252,15
000001 - MERCADELI SUPERMERCADO LTDA;615 - MERCADELI SUPERMERCADO LTDA;33231223549577000152552000000018031002148231;200;000001803;29/12/2023;Efetivada;620 - PEITO DE PERU SADIA DEF. KG;KG;1,00;0,10;35,38;0,00;0,00;0,00;0,00;5927;0,00;58,70;10,57;0,00;0,00;3,61;252,15
000001 - MERCADELI SUPERMERCADO LTDA;615 - MERCADELI SUPERMERCADO LTDA;33231223549577000152552000000018031002148231;200;000001803;29/12/2023;Efetivada;620 - PEITO DE PERU SADIA DEF. KG;KG;1,00;0,12;35,38;0,00;0,00;0,00;0,00;5927;0,00;58,70;10,57;0,00;0,00;4,32;252,15
000001 - MERCADELI SUPERMERCADO LTDA;615 - MERCADELI SUPERMERCADO LTDA;33231223549577000152552000000018031002148231;200;000001803;29/12/2023;Efetivada;620 - PEITO DE PERU SADIA DEF. KG;KG;1,00;0,18;35,38;0,00;0,00;0,00;0,00;5927;0,00;58,70;10,57;0,00;0,00;6,51;252,15
000001 - MERCADELI SUPERMERCADO LTDA;615 - MERCADELI SUPERMERCADO LTDA;33231223549577000152552000000018031002148231;200;000001803;29/12/2023;Efetivada;620 - PEITO DE PERU SADIA DEF. KG;KG;1,00;0,19;35,38;0,00;0,00;0,00;0,00;5927;0,00;58,70;10,57;0,00;0,00;6,72;252,15
000001 - MERCADELI SUPERMERCADO LTDA;615 - MERCADELI SUPERMERCADO LTDA;33231223549577000152552000000018031002148231;200;000001803;29/12/2023;Efetivada;620 - PEITO DE PERU SADIA DEF. KG;KG;1,00;0,20;35,38;0,00;0,00;0,00;0,00;5927;0,00;58,70;10,57;0,00;0,00;7,08;252,15
000001 - MERCADELI SUPERMERCADO LTDA;615 - MERCADELI SUPERMERCADO LTDA;33231223549577000152552000000018031002148231;200;000001803;29/12/2023;Efetivada;621 - PRESUNTO SADIA COZ. KG;KG;1,00;0,10;22,19;0,00;0,00;0,00;0,00;5927;0,00;58,70;10,57;0,00;0,00;2,13;252,15
000001 - MERCADELI SUPERMERCADO LTDA;615 - MERCADELI SUPERMERCADO LTDA;33231223549577000152552000000018031002148231;200;000001803;29/12/2023;Efetivada;621 - PRESUNTO SADIA COZ. KG;KG;1,00;0,12;22,19;0,00;0,00;0,00;0,00;5927;0,00;58,70;10,57;0,00;0,00;2,71;252,15
000001 - MERCADELI SUPERMERCADO LTDA;615 - MERCADELI SUPERMERCADO LTDA;33231223549577000152552000000018031002148231;200;000001803;29/12/2023;Efetivada;621 - PRESUNTO SADIA COZ. KG;KG;1,00;0,15;22,19;0,00;0,00;0,00;0,00;5927;0,00;58,70;10,57;0,00;0,00;3,42;252,15
000001 - MERCADELI SUPERMERCADO LTDA;615 - MERCADELI SUPERMERCADO LTDA;33231223549577000152552000000018031002148231;200;000001803;29/12/2023;Efetivada;621 - PRESUNTO SADIA COZ. KG;KG;1,00;0,16;22,19;0,00;0,00;0,00;0,00;5927;0,00;58,70;10,57;0,00;0,00;3,64;252,15
000001 - MERCADELI SUPERMERCADO LTDA;615 - MERCADELI SUPERMERCADO LTDA;33231223549577000152552000000018031002148231;200;000001803;29/12/2023;Efetivada;621 - PRESUNTO SADIA COZ. KG;KG;1,00;0,17;22,19;0,00;0,00;0,00;0,00;5927;0,00;58,70;10,57;0,00;0,00;3,73;252,15
000001 - MERCADELI SUPERMERCADO LTDA;615 - MERCADELI SUPERMERCADO LTDA;33231223549577000152552000000018031002148231;200;000001803;29/12/2023;Efetivada;621 - PRESUNTO SADIA COZ. KG;KG;1,00;0,22;22,19;0,00;0,00;0,00;0,00;5927;0,00;58,70;10,57;0,00;0,00;4,88;252,15
000001 - MERCADELI SUPERMERCADO LTDA;615 - MERCADELI SUPERMERCADO LTDA;33231223549577000152552000000018031002148231;200;000001803;29/12/2023;Efetivada;621 - PRESUNTO SADIA COZ. KG;KG;1,00;0,34;22,19;0,00;0,00;0,00;0,00;5927;0,00;58,70;10,57;0,00;0,00;7,50;252,15
000001 - MERCADELI SUPERMERCADO LTDA;615 - MERCADELI SUPERMERCADO LTDA;33231223549577000152552000000018031002148231;200;000001803;29/12/2023;Efetivada;621 - PRESUNTO SADIA COZ. KG;KG;1,00;0,54;22,19;0,00;0,00;0,00;0,00;5927;0,00;58,70;10,57;0,00;0,00;12,07;252,15
000001 - MERCADELI SUPERMERCADO LTDA;615 - MERCADELI SUPERMERCADO LTDA;33231223549577000152552000000018031002148231;200;000001803;29/12/2023;Efetivada;1299 - Q. MINAS F. POUCO SAL SOL BRILHANTE KG;KG;1,00;0,40;29,00;0,00;0,00;0,00;0,00;5927;0,00;58,70;10,57;0,00;0,00;11,66;252,15
000001 - MERCADELI SUPERMERCADO LTDA;615 - MERCADELI SUPERMERCADO LTDA;33231223549577000152552000000018031002148231;200;000001803;29/12/2023;Efetivada;1380 - Q. MINAS F. LIGHT SOL BRILHANTE KG;KG;1,00;0,36;29,00;0,00;0,00;0,00;0,00;5927;0,00;58,70;10,57;0,00;0,00;10,32;252,15
000001 - MERCADELI SUPERMERCADO LTDA;615 - MERCADELI SUPERMERCADO LTDA;33231223549577000152552000000018031002148231;200;000001803;29/12/2023;Efetivada;4368 - QUEIJO MINAS CANASTRA SABOR DE MINAS KG;KG;1,00;0,40;42,80;0,00;0,00;0,00;0,00;5927;0,00;58,70;10,57;0,00;0,00;17,03;252,15
000001 - MERCADELI SUPERMERCADO LTDA;615 - MERCADELI SUPERMERCADO LTDA;33231223549577000152552000000018031002148231;200;000001803;29/12/2023;Efetivada;7227 - MORTADELA SADIA DEF. KG;KG;1,00;0,10;14,93;0,00;0,00;0,00;0,00;5927;0,00;58,70;10,57;0,00;0,00;1,52;252,15
000001 - MERCADELI SUPERMERCADO LTDA;615 - MERCADELI SUPERMERCADO LTDA;33231223549577000152552000000018031002148231;200;000001803;29/12/2023;Efetivada;7227 - MORTADELA SADIA DEF. KG;KG;1,00;0,13;14,93;0,00;0,00;0,00;0,00;5927;0,00;58,70;10,57;0,00;0,00;1,97;252,15
000001 - MERCADELI SUPERMERCADO LTDA;615 - MERCADELI SUPERMERCADO LTDA;33231223549577000152552000000018031002148231;200;000001803;29/12/2023;Efetivada;7227 - MORTADELA SADIA DEF. KG;KG;1,00;0,18;14,93;0,00;0,00;0,00;0,00;5927;0,00;58,70;10,57;0,00;0,00;2,63;252,15
000001 - MERCADELI SUPERMERCADO LTDA;615 - MERCADELI SUPERMERCADO LTDA;33231223549577000152552000000018031002148231;200;000001803;29/12/2023;Efetivada;11279 - AMENDOIM JAPONES PIMENTA KG;KG;1,00;0,20;22,30;0,00;0,00;0,00;0,00;5927;0,00;58,70;10,57;0,00;0,00;4,41;252,15
000001 - MERCADELI SUPERMERCADO LTDA;615 - MERCADELI SUPERMERCADO LTDA;33231223549577000152552000000018031002148231;200;000001803;29/12/2023;Efetivada;11281 - AMENDOIM JAPONES TRAD. KG;KG;1,00;0,19;22,30;0,00;0,00;0,00;0,00;5927;0,00;58,70;10,57;0,00;0,00;4,24;252,15
000001 - MERCADELI SUPERMERCADO LTDA;615 - MERCADELI SUPERMERCADO LTDA;33231223549577000152552000000018031002148231;200;000001803;29/12/2023;Efetivada;11983 - PEITO DE PERU PERDIGAO DEF. KG;KG;1,00;0,19;31,69;0,00;0,00;0,00;0,00;5927;0,00;58,70;10,57;0,00;0,00;5,96;252,15
000001 - MERCADELI SUPERMERCADO LTDA;615 - MERCADELI SUPERMERCADO LTDA;33231223549577000152552000000018031002148231;200;000001803;29/12/2023;Efetivada;14012 - QUEIJO PRATO BASEL LANCHE KG;KG;1,00;0,11;30,90;0,00;0,00;0,00;0,00;5927;0,00;58,70;10,57;0,00;0,00;3,27;252,15
000001 - MERCADELI SUPERMERCADO LTDA;615 - MERCADELI SUPERMERCADO LTDA;33231223549577000152552000000018031002148231;200;000001803;29/12/2023;Efetivada;14273 - QUEIJO MUSSARELA BASEL KG;KG;1,00;0,11;29,90;0,00;0,00;0,00;0,00;5927;0,00;58,70;10,57;0,00;0,00;3,35;252,15
000001 - MERCADELI SUPERMERCADO LTDA;615 - MERCADELI SUPERMERCADO LTDA;33231223549577000152552000000018031002148231;200;000001803;29/12/2023;Efetivada;14273 - QUEIJO MUSSARELA BASEL KG;KG;1,00;0,22;29,90;0,00;0,00;0,00;0,00;5927;0,00;58,70;10,57;0,00;0,00;6,70;252,15
000001 - MERCADELI SUPERMERCADO LTDA;615 - MERCADELI SUPERMERCADO LTDA;33231223549577000152552000000018031002148231;200;000001803;29/12/2023;Efetivada;14273 - QUEIJO MUSSARELA BASEL KG;KG;1,00;0,24;29,90;0,00;0,00;0,00;0,00;5927;0,00;58,70;10,57;0,00;0,00;7,17;252,15
000001 - MERCADELI SUPERMERCADO LTDA;615 - MERCADELI SUPERMERCADO LTDA;33231223549577000152552000000018031002148231;200;000001803;29/12/2023;Efetivada;14273 - QUEIJO MUSSARELA BASEL KG;KG;1,00;0,27;29,90;0,00;0,00;0,00;0,00;5927;0,00;58,70;10,57;0,00;0,00;8,13;252,15
000001 - MERCADELI SUPERMERCADO LTDA;615 - MERCADELI SUPERMERCADO LTDA;33231223549577000152552000000018031002148231;200;000001803;29/12/2023;Efetivada;15938 - QUEIJO MUSSARELA BOM JARDIM KG;KG;1,00;0,27;27,89;0,00;0,00;0,00;0,00;5927;0,00;58,70;10,57;0,00;0,00;7,42;252,15
000001 - MERCADELI SUPERMERCADO LTDA;615 - MERCADELI SUPERMERCADO LTDA;33231223549577000152552000000018031002148231;200;000001803;29/12/2023;Efetivada;15938 - QUEIJO MUSSARELA BOM JARDIM KG;KG;1,00;0,28;27,89;0,00;0,00;0,00;0,00;5927;0,00;58,70;10,57;0,00;0,00;7,75;252,15
000001 - MERCADELI SUPERMERCADO LTDA;615 - MERCADELI SUPERMERCADO LTDA;33231223549577000152552000000018031002148231;200;000001803;29/12/2023;Efetivada;15938 - QUEIJO MUSSARELA BOM JARDIM KG;KG;1,00;0,33;27,89;0,00;0,00;0,00;0,00;5927;0,00;58,70;10,57;0,00;0,00;9,09;252,15
000001 - MERCADELI SUPERMERCADO LTDA;615 - MERCADELI SUPERMERCADO LTDA;33231223549577000152552000000018031002148231;200;000001803;29/12/2023;Efetivada;16060 - AMENDOA LAMINADA KG;KG;1,00;0,14;58,90;0,00;0,00;0,00;0,00;5927;0,00;58,70;10,57;0,00;0,00;8,13;252,15
000001 - MERCADELI SUPERMERCADO LTDA;615 - MERCADELI SUPERMERCADO LTDA;33231223549577000152552000000018031002148231;200;000001803;29/12/2023;Efetivada;16060 - AMENDOA LAMINADA KG;KG;1,00;0,15;58,90;0,00;0,00;0,00;0,00;5927;0,00;58,70;10,57;0,00;0,00;8,60;252,15
000001 - MERCADELI SUPERMERCADO LTDA;615 - MERCADELI SUPERMERCADO LTDA;33231223549577000152552000000018031002148231;200;000001803;29/12/2023;Efetivada;16060 - AMENDOA LAMINADA KG;KG;1,00;0,15;58,90;0,00;0,00;0,00;0,00;5927;0,00;58,70;10,57;0,00;0,00;8,95;252,15
000001 - MERCADELI SUPERMERCADO LTDA;615 - MERCADELI SUPERMERCADO LTDA;33231223549577000152552000000018031002148231;200;000001803;29/12/2023;Efetivada;16172 - QUEIJO PRATO BOM JARDIM KG;KG;1,00;0,11;28,49;0,00;0,00;0,00;0,00;5927;0,00;58,70;10,57;0,00;0,00;3,25;252,15
000001 - MERCADELI SUPERMERCADO LTDA;615 - MERCADELI SUPERMERCADO LTDA;33231223549577000152552000000018031002148231;200;000001803;29/12/2023;Efetivada;16172 - QUEIJO PRATO BOM JARDIM KG;KG;1,00;0,14;28,49;0,00;0,00;0,00;0,00;5927;0,00;58,70;10,57;0,00;0,00;3,87;252,15
000001 - MERCADELI SUPERMERCADO LTDA;615 - MERCADELI SUPERMERCADO LTDA;33231223549577000152552000000018031002148231;200;000001803;29/12/2023;Efetivada;16172 - QUEIJO PRATO BOM JARDIM KG;KG;1,00;0,22;28,49;0,00;0,00;0,00;0,00;5927;0,00;58,70;10,57;0,00;0,00;6,27;252,15
000001 - MERCADELI SUPERMERCADO LTDA;615 - MERCADELI SUPERMERCADO LTDA;33231223549577000152552000000018031002148231;200;000001803;29/12/2023;Efetivada;16172 - QUEIJO PRATO BOM JARDIM KG;KG;1,00;0,28;28,49;0,00;0,00;0,00;0,00;5927;0,00;58,70;10,57;0,00;0,00;7,86;252,15
000001 - MERCADELI SUPERMERCADO LTDA;615 - MERCADELI SUPERMERCADO LTDA;33231223549577000152552000000018031002148231;200;000001803;29/12/2023;Efetivada;16172 - QUEIJO PRATO BOM JARDIM KG;KG;1,00;0,30;28,49;0,00;0,00;0,00;0,00;5927;0,00;58,70;10,57;0,00;0,00;8,55;252,15
000001 - MERCADELI SUPERMERCADO LTDA;615 - MERCADELI SUPERMERCADO LTDA;33231223549577000152552000000018031002148231;200;000001803;29/12/2023;Efetivada;16172 - QUEIJO PRATO BOM JARDIM KG;KG;1,00;0,32;28,49;0,00;0,00;0,00;0,00;5927;0,00;58,70;10,57;0,00;0,00;9,12;252,15
000001 - MERCADELI SUPERMERCADO LTDA;615 - MERCADELI SUPERMERCADO LTDA;33231223549577000152552000000018041002148247;200;000001804;29/12/2023;Efetivada;620 - PEITO DE PERU SADIA DEF. KG;KG;1,00;0,11;35,38;0,00;0,00;0,00;0,00;5927;0,00;45,48;8,19;0,00;0,00;3,89;246,22
000001 - MERCADELI SUPERMERCADO LTDA;615 - MERCADELI SUPERMERCADO LTDA;33231223549577000152552000000018041002148247;200;000001804;29/12/2023;Efetivada;620 - PEITO DE PERU SADIA DEF. KG;KG;1,00;0,12;35,38;0,00;0,00;0,00;0,00;5927;0,00;45,48;8,19;0,00;0,00;4,10;246,22
000001 - MERCADELI SUPERMERCADO LTDA;615 - MERCADELI SUPERMERCADO LTDA;33231223549577000152552000000018041002148247;200;000001804;29/12/2023;Efetivada;621 - PRESUNTO SADIA COZ. KG;KG;1,00;0,39;22,19;0,00;0,00;0,00;0,00;5927;0,00;45,48;8,19;0,00;0,00;8,74;246,22
000001 - MERCADELI SUPERMERCADO LTDA;615 - MERCADELI SUPERMERCADO LTDA;33231223549577000152552000000018041002148247;200;000001804;29/12/2023;Efetivada;6812 - QUEIJO MINAS LACFREE VERDE CAMPO KG;KG;1,00;0,42;65,84;0,00;0,00;0,00;0,00;5927;0,00;45,48;8,19;0,00;0,00;27,39;246,22
000001 - MERCADELI SUPERMERCADO LTDA;615 - MERCADELI SUPERMERCADO LTDA;33231223549577000152552000000018041002148247;200;000001804;29/12/2023;Efetivada;6812 - QUEIJO MINAS LACFREE VERDE CAMPO KG;KG;1,00;0,45;65,84;0,00;0,00;0,00;0,00;5927;0,00;45,48;8,19;0,00;0,00;29,36;246,22
000001 - MERCADELI SUPERMERCADO LTDA;615 - MERCADELI SUPERMERCADO LTDA;33231223549577000152552000000018041002148247;200;000001804;29/12/2023;Efetivada;6812 - QUEIJO MINAS LACFREE VERDE CAMPO KG;KG;1,00;0,45;65,84;0,00;0,00;0,00;0,00;5927;0,00;45,48;8,19;0,00;0,00;29,50;246,22
000001 - MERCADELI SUPERMERCADO LTDA;615 - MERCADELI SUPERMERCADO LTDA;33231223549577000152552000000018041002148247;200;000001804;29/12/2023;Efetivada;7227 - MORTADELA SADIA DEF. KG;KG;1,00;0,17;14,93;0,00;0,00;0,00;0,00;5927;0,00;45,48;8,19;0,00;0,00;2,54;246,22
000001 - MERCADELI SUPERMERCADO LTDA;615 - MERCADELI SUPERMERCADO LTDA;33231223549577000152552000000018041002148247;200;000001804;29/12/2023;Efetivada;8771 - CASTANHA DE CAJU CANELA CARAMELIZADA KG;KG;1,00;0,21;46,00;0,00;0,00;0,00;0,00;5927;0,00;45,48;8,19;0,00;0,00;9,47;246,22
000001 - MERCADELI SUPERMERCADO LTDA;615 - MERCADELI SUPERMERCADO LTDA;33231223549577000152552000000018041002148247;200;000001804;29/12/2023;Efetivada;10406 - MILHO ESPANHOL T/S MOSTARDA/MEL KG;KG;1,00;0,15;45,30;0,00;0,00;0,00;0,00;5927;0,00;45,48;8,19;0,00;0,00;6,61;246,22
000001 - MERCADELI SUPERMERCADO LTDA;615 - MERCADELI SUPERMERCADO LTDA;33231223549577000152552000000018041002148247;200;000001804;29/12/2023;Efetivada;10406 - MILHO ESPANHOL T/S MOSTARDA/MEL KG;KG;1,00;0,15;45,30;0,00;0,00;0,00;0,00;5927;0,00;45,48;8,19;0,00;0,00;6,98;246,22
000001 - MERCADELI SUPERMERCADO LTDA;615 - MERCADELI SUPERMERCADO LTDA;33231223549577000152552000000018041002148247;200;000001804;29/12/2023;Efetivada;11279 - AMENDOIM JAPONES PIMENTA KG;KG;1,00;0,19;22,30;0,00;0,00;0,00;0,00;5927;0,00;45,48;8,19;0,00;0,00;4,28;246,22
000001 - MERCADELI SUPERMERCADO LTDA;615 - MERCADELI SUPERMERCADO LTDA;33231223549577000152552000000018041002148247;200;000001804;29/12/2023;Efetivada;11279 - AMENDOIM JAPONES PIMENTA KG;KG;1,00;0,21;22,30;0,00;0,00;0,00;0,00;5927;0,00;45,48;8,19;0,00;0,00;4,59;246,22
000001 - MERCADELI SUPERMERCADO LTDA;615 - MERCADELI SUPERMERCADO LTDA;33231223549577000152552000000018041002148247;200;000001804;29/12/2023;Efetivada;11280 - AMENDOIM JAPONES CEBOLA/SALSA KG;KG;1,00;0,16;22,30;0,00;0,00;0,00;0,00;5927;0,00;45,48;8,19;0,00;0,00;3,52;246,22
000001 - MERCADELI SUPERMERCADO LTDA;615 - MERCADELI SUPERMERCADO LTDA;33231223549577000152552000000018041002148247;200;000001804;29/12/2023;Efetivada;11280 - AMENDOIM JAPONES CEBOLA/SALSA KG;KG;1,00;0,17;22,30;0,00;0,00;0,00;0,00;5927;0,00;45,48;8,19;0,00;0,00;3,79;246,22
000001 - MERCADELI SUPERMERCADO LTDA;615 - MERCADELI SUPERMERCADO LTDA;33231223549577000152552000000018041002148247;200;000001804;29/12/2023;Efetivada;11280 - AMENDOIM JAPONES CEBOLA/SALSA KG;KG;1,00;0,22;22,30;0,00;0,00;0,00;0,00;5927;0,00;45,48;8,19;0,00;0,00;4,95;246,22
000001 - MERCADELI SUPERMERCADO LTDA;615 - MERCADELI SUPERMERCADO LTDA;33231223549577000152552000000018041002148247;200;000001804;29/12/2023;Efetivada;11281 - AMENDOIM JAPONES TRAD. KG;KG;1,00;0,22;22,30;0,00;0,00;0,00;0,00;5927;0,00;45,48;8,19;0,00;0,00;4,82;246,22
000001 - MERCADELI SUPERMERCADO LTDA;615 - MERCADELI SUPERMERCADO LTDA;33231223549577000152552000000018041002148247;200;000001804;29/12/2023;Efetivada;11281 - AMENDOIM JAPONES TRAD. KG;KG;1,00;0,22;22,30;0,00;0,00;0,00;0,00;5927;0,00;45,48;8,19;0,00;0,00;4,95;246,22
000001 - MERCADELI SUPERMERCADO LTDA;615 - MERCADELI SUPERMERCADO LTDA;33231223549577000152552000000018041002148247;200;000001804;29/12/2023;Efetivada;14273 - QUEIJO MUSSARELA BASEL KG;KG;1,00;2,61;29,90;0,00;0,00;0,00;0,00;5927;0,00;45,48;8,19;0,00;0,00;78,04;246,22
000001 - MERCADELI SUPERMERCADO LTDA;615 - MERCADELI SUPERMERCADO LTDA;33231223549577000152552000000018041002148247;200;000001804;29/12/2023;Efetivada;15938 - QUEIJO MUSSARELA BOM JARDIM KG;KG;1,00;0,31;27,89;0,00;0,00;0,00;0,00;5927;0,00;45,48;8,19;0,00;0,00;8,70;246,22
000001 - MERCADELI SUPERMERCADO LTDA;615 - MERCADELI SUPERMERCADO LTDA;33231223549577000152552000000018051002148252;200;000001805;29/12/2023;Efetivada;620 - PEITO DE PERU SADIA DEF. KG;KG;1,00;0,20;35,38;0,00;0,00;0,00;0,00;5927;0,00;3,84;0,69;0,00;0,00;7,08;252,58
000001 - MERCADELI SUPERMERCADO LTDA;615 - MERCADELI SUPERMERCADO LTDA;33231223549577000152552000000018051002148252;200;000001805;29/12/2023;Efetivada;620 - PEITO DE PERU SADIA DEF. KG;KG;1,00;0,22;35,38;0,00;0,00;0,00;0,00;5927;0,00;3,84;0,69;0,00;0,00;7,85;252,58
000001 - MERCADELI SUPERMERCADO LTDA;615 - MERCADELI SUPERMERCADO LTDA;33231223549577000152552000000018051002148252;200;000001805;29/12/2023;Efetivada;620 - PEITO DE PERU SADIA DEF. KG;KG;1,00;0,33;35,38;0,00;0,00;0,00;0,00;5927;0,00;3,84;0,69;0,00;0,00;11,53;252,58
000001 - MERCADELI SUPERMERCADO LTDA;615 - MERCADELI SUPERMERCADO LTDA;33231223549577000152552000000018051002148252;200;000001805;29/12/2023;Efetivada;621 - PRESUNTO SADIA COZ. KG;KG;1,00;0,13;22,19;0,00;0,00;0,00;0,00;5927;0,00;3,84;0,69;0,00;0,00;2,84;252,58
000001 - MERCADELI SUPERMERCADO LTDA;615 - MERCADELI SUPERMERCADO LTDA;33231223549577000152552000000018051002148252;200;000001805;29/12/2023;Efetivada;621 - PRESUNTO SADIA COZ. KG;KG;1,00;0,14;22,19;0,00;0,00;0,00;0,00;5927;0,00;3,84;0,69;0,00;0,00;3,06;252,58
000001 - MERCADELI SUPERMERCADO LTDA;615 - MERCADELI SUPERMERCADO LTDA;33231223549577000152552000000018051002148252;200;000001805;29/12/2023;Efetivada;621 - PRESUNTO SADIA COZ. KG;KG;1,00;0,18;22,19;0,00;0,00;0,00;0,00;5927;0,00;3,84;0,69;0,00;0,00;4,08;252,58
000001 - MERCADELI SUPERMERCADO LTDA;615 - MERCADELI SUPERMERCADO LTDA;33231223549577000152552000000018051002148252;200;000001805;29/12/2023;Efetivada;621 - PRESUNTO SADIA COZ. KG;KG;1,00;0,19;22,19;0,00;0,00;0,00;0,00;5927;0,00;3,84;0,69;0,00;0,00;4,13;252,58
000001 - MERCADELI SUPERMERCADO LTDA;615 - MERCADELI SUPERMERCADO LTDA;33231223549577000152552000000018051002148252;200;000001805;29/12/2023;Efetivada;621 - PRESUNTO SADIA COZ. KG;KG;1,00;0,19;22,19;0,00;0,00;0,00;0,00;5927;0,00;3,84;0,69;0,00;0,00;4,26;252,58
000001 - MERCADELI SUPERMERCADO LTDA;615 - MERCADELI SUPERMERCADO LTDA;33231223549577000152552000000018051002148252;200;000001805;29/12/2023;Efetivada;621 - PRESUNTO SADIA COZ. KG;KG;1,00;0,26;22,19;0,00;0,00;0,00;0,00;5927;0,00;3,84;0,69;0,00;0,00;5,68;252,58
000001 - MERCADELI SUPERMERCADO LTDA;615 - MERCADELI SUPERMERCADO LTDA;33231223549577000152552000000018051002148252;200;000001805;29/12/2023;Efetivada;621 - PRESUNTO SADIA COZ. KG;KG;1,00;0,42;22,19;0,00;0,00;0,00;0,00;5927;0,00;3,84;0,69;0,00;0,00;9,36;252,58
000001 - MERCADELI SUPERMERCADO LTDA;615 - MERCADELI SUPERMERCADO LTDA;33231223549577000152552000000018051002148252;200;000001805;29/12/2023;Efetivada;4671 - QUEIJO PRATO LIRA KG;KG;1,00;0,34;27,49;0,00;0,00;0,00;0,00;5927;0,00;3,84;0,69;0,00;0,00;9,24;252,58
000001 - MERCADELI SUPERMERCADO LTDA;615 - MERCADELI SUPERMERCADO LTDA;33231223549577000152552000000018051002148252;200;000001805;29/12/2023;Efetivada;7227 - MORTADELA SADIA DEF. KG;KG;1,00;0,07;14,93;0,00;0,00;0,00;0,00;5927;0,00;3,84;0,69;0,00;0,00;1,10;252,58
000001 - MERCADELI SUPERMERCADO LTDA;615 - MERCADELI SUPERMERCADO LTDA;33231223549577000152552000000018051002148252;200;000001805;29/12/2023;Efetivada;7227 - MORTADELA SADIA DEF. KG;KG;1,00;0,11;14,93;0,00;0,00;0,00;0,00;5927;0,00;3,84;0,69;0,00;0,00;1,58;252,58
000001 - MERCADELI SUPERMERCADO LTDA;615 - MERCADELI SUPERMERCADO LTDA;33231223549577000152552000000018051002148252;200;000001805;29/12/2023;Efetivada;7227 - MORTADELA SADIA DEF. KG;KG;1,00;0,11;14,93;0,00;0,00;0,00;0,00;5927;0,00;3,84;0,69;0,00;0,00;1,70;252,58
000001 - MERCADELI SUPERMERCADO LTDA;615 - MERCADELI SUPERMERCADO LTDA;33231223549577000152552000000018051002148252;200;000001805;29/12/2023;Efetivada;7227 - MORTADELA SADIA DEF. KG;KG;1,00;0,12;14,93;0,00;0,00;0,00;0,00;5927;0,00;3,84;0,69;0,00;0,00;1,76;252,58
000001 - MERCADELI SUPERMERCADO LTDA;615 - MERCADELI SUPERMERCADO LTDA;33231223549577000152552000000018051002148252;200;000001805;29/12/2023;Efetivada;7227 - MORTADELA SADIA DEF. KG;KG;1,00;0,25;14,93;0,00;0,00;0,00;0,00;5927;0,00;3,84;0,69;0,00;0,00;3,70;252,58
000001 - MERCADELI SUPERMERCADO LTDA;615 - MERCADELI SUPERMERCADO LTDA;33231223549577000152552000000018051002148252;200;000001805;29/12/2023;Efetivada;7841 - SALAME ITALIANO FRIMESA KG;KG;1,00;0,12;58,41;0,00;0,00;0,00;0,00;5927;0,00;3,84;0,69;0,00;0,00;6,89;252,58
000001 - MERCADELI SUPERMERCADO LTDA;615 - MERCADELI SUPERMERCADO LTDA;33231223549577000152552000000018051002148252;200;000001805;29/12/2023;Efetivada;9765 - QUEIJO MINAS F. COROADO KG;KG;1,00;0,25;26,85;0,00;0,00;0,00;0,00;5927;0,00;3,84;0,69;0,00;0,00;6,71;252,58
000001 - MERCADELI SUPERMERCADO LTDA;615 - MERCADELI SUPERMERCADO LTDA;33231223549577000152552000000018051002148252;200;000001805;29/12/2023;Efetivada;11983 - PEITO DE PERU PERDIGAO DEF. KG;KG;1,00;0,16;31,69;0,00;0,00;0,00;0,00;5927;0,00;3,84;0,69;0,00;0,00;5,01;252,58
000001 - MERCADELI SUPERMERCADO LTDA;615 - MERCADELI SUPERMERCADO LTDA;33231223549577000152552000000018051002148252;200;000001805;29/12/2023;Efetivada;11983 - PEITO DE PERU PERDIGAO DEF. KG;KG;1,00;0,25;31,69;0,00;0,00;0,00;0,00;5927;0,00;3,84;0,69;0,00;0,00;7,92;252,58
000001 - MERCADELI SUPERMERCADO LTDA;615 - MERCADELI SUPERMERCADO LTDA;33231223549577000152552000000018051002148252;200;000001805;29/12/2023;Efetivada;14012 - QUEIJO PRATO BASEL LANCHE KG;KG;1,00;0,09;30,90;0,00;0,00;0,00;0,00;5927;0,00;3,84;0,69;0,00;0,00;2,72;252,58
000001 - MERCADELI SUPERMERCADO LTDA;615 - MERCADELI SUPERMERCADO LTDA;33231223549577000152552000000018051002148252;200;000001805;29/12/2023;Efetivada;14012 - QUEIJO PRATO BASEL LANCHE KG;KG;1,00;0,12;30,90;0,00;0,00;0,00;0,00;5927;0,00;3,84;0,69;0,00;0,00;3,65;252,58
000001 - MERCADELI SUPERMERCADO LTDA;615 - MERCADELI SUPERMERCADO LTDA;33231223549577000152552000000018051002148252;200;000001805;29/12/2023;Efetivada;14012 - QUEIJO PRATO BASEL LANCHE KG;KG;1,00;0,24;30,90;0,00;0,00;0,00;0,00;5927;0,00;3,84;0,69;0,00;0,00;7,42;252,58
000001 - MERCADELI SUPERMERCADO LTDA;615 - MERCADELI SUPERMERCADO LTDA;33231223549577000152552000000018051002148252;200;000001805;29/12/2023;Efetivada;14012 - QUEIJO PRATO BASEL LANCHE KG;KG;1,00;0,26;30,90;0,00;0,00;0,00;0,00;5927;0,00;3,84;0,69;0,00;0,00;7,91;252,58
000001 - MERCADELI SUPERMERCADO LTDA;615 - MERCADELI SUPERMERCADO LTDA;33231223549577000152552000000018051002148252;200;000001805;29/12/2023;Efetivada;14012 - QUEIJO PRATO BASEL LANCHE KG;KG;1,00;0,36;30,90;0,00;0,00;0,00;0,00;5927;0,00;3,84;0,69;0,00;0,00;11,06;252,58
000001 - MERCADELI SUPERMERCADO LTDA;615 - MERCADELI SUPERMERCADO LTDA;33231223549577000152552000000018051002148252;200;000001805;29/12/2023;Efetivada;14012 - QUEIJO PRATO BASEL LANCHE KG;KG;1,00;0,53;30,90;0,00;0,00;0,00;0,00;5927;0,00;3,84;0,69;0,00;0,00;16,31;252,58
000001 - MERCADELI SUPERMERCADO LTDA;615 - MERCADELI SUPERMERCADO LTDA;33231223549577000152552000000018051002148252;200;000001805;29/12/2023;Efetivada;14273 - QUEIJO MUSSARELA BASEL KG;KG;1,00;0,28;29,90;0,00;0,00;0,00;0,00;5927;0,00;3,84;0,69;0,00;0,00;8,49;252,58
000001 - MERCADELI SUPERMERCADO LTDA;615 - MERCADELI SUPERMERCADO LTDA;33231223549577000152552000000018051002148252;200;000001805;29/12/2023;Efetivada;14273 - QUEIJO MUSSARELA BASEL KG;KG;1,00;0,33;29,90;0,00;0,00;0,00;0,00;5927;0,00;3,84;0,69;0,00;0,00;9,87;252,58
000001 - MERCADELI SUPERMERCADO LTDA;615 - MERCADELI SUPERMERCADO LTDA;33231223549577000152552000000018051002148252;200;000001805;29/12/2023;Efetivada;14273 - QUEIJO MUSSARELA BASEL KG;KG;1,00;0,34;29,90;0,00;0,00;0,00;0,00;5927;0,00;3,84;0,69;0,00;0,00;10,11;252,58
000001 - MERCADELI SUPERMERCADO LTDA;615 - MERCADELI SUPERMERCADO LTDA;33231223549577000152552000000018051002148252;200;000001805;29/12/2023;Efetivada;15886 - QUEIJO MUSSARELA GRAN FILATA KG;KG;1,00;0,19;25,50;0,00;0,00;0,00;0,00;5927;0,00;3,84;0,69;0,00;0,00;4,79;252,58
000001 - MERCADELI SUPERMERCADO LTDA;615 - MERCADELI SUPERMERCADO LTDA;33231223549577000152552000000018051002148252;200;000001805;29/12/2023;Efetivada;15886 - QUEIJO MUSSARELA GRAN FILATA KG;KG;1,00;0,20;25,50;0,00;0,00;0,00;0,00;5927;0,00;3,84;0,69;0,00;0,00;5,05;252,58
000001 - MERCADELI SUPERMERCADO LTDA;615 - MERCADELI SUPERMERCADO LTDA;33231223549577000152552000000018051002148252;200;000001805;29/12/2023;Efetivada;15886 - QUEIJO MUSSARELA GRAN FILATA KG;KG;1,00;0,20;25,50;0,00;0,00;0,00;0,00;5927;0,00;3,84;0,69;0,00;0,00;5,20;252,58
000001 - MERCADELI SUPERMERCADO LTDA;615 - MERCADELI SUPERMERCADO LTDA;33231223549577000152552000000018051002148252;200;000001805;29/12/2023;Efetivada;15886 - QUEIJO MUSSARELA GRAN FILATA KG;KG;1,00;0,28;25,50;0,00;0,00;0,00;0,00;5927;0,00;3,84;0,69;0,00;0,00;7,09;252,58
000001 - MERCADELI SUPERMERCADO LTDA;615 - MERCADELI SUPERMERCADO LTDA;33231223549577000152552000000018051002148252;200;000001805;29/12/2023;Efetivada;15886 - QUEIJO MUSSARELA GRAN FILATA KG;KG;1,00;0,79;25,50;0,00;0,00;0,00;0,00;5927;0,00;3,84;0,69;0,00;0,00;20,04;252,58
000001 - MERCADELI SUPERMERCADO LTDA;615 - MERCADELI SUPERMERCADO LTDA;33231223549577000152552000000018051002148252;200;000001805;29/12/2023;Efetivada;15938 - QUEIJO MUSSARELA BOM JARDIM KG;KG;1,00;0,26;27,89;0,00;0,00;0,00;0,00;5927;0,00;3,84;0,69;0,00;0,00;7,36;252,58
000001 - MERCADELI SUPERMERCADO LTDA;615 - MERCADELI SUPERMERCADO LTDA;33231223549577000152552000000018051002148252;200;000001805;29/12/2023;Efetivada;15938 - QUEIJO MUSSARELA BOM JARDIM KG;KG;1,00;0,57;27,89;0,00;0,00;0,00;0,00;5927;0,00;3,84;0,69;0,00;0,00;15,90;252,58
000001 - MERCADELI SUPERMERCADO LTDA;615 - MERCADELI SUPERMERCADO LTDA;33231223549577000152552000000018061002148268;200;000001806;29/12/2023;Efetivada;621 - PRESUNTO SADIA COZ. KG;KG;1,00;0,13;22,19;0,00;0,00;0,00;0,00;5927;0,00;44,73;8,06;0,00;0,00;2,97;193,55
000001 - MERCADELI SUPERMERCADO LTDA;615 - MERCADELI SUPERMERCADO LTDA;33231223549577000152552000000018061002148268;200;000001806;29/12/2023;Efetivada;621 - PRESUNTO SADIA COZ. KG;KG;1,00;0,20;22,19;0,00;0,00;0,00;0,00;5927;0,00;44,73;8,06;0,00;0,00;4,39;193,55
000001 - MERCADELI SUPERMERCADO LTDA;615 - MERCADELI SUPERMERCADO LTDA;33231223549577000152552000000018061002148268;200;000001806;29/12/2023;Efetivada;621 - PRESUNTO SADIA COZ. KG;KG;1,00;0,21;22,19;0,00;0,00;0,00;0,00;5927;0,00;44,73;8,06;0,00;0,00;4,66;193,55
000001 - MERCADELI SUPERMERCADO LTDA;615 - MERCADELI SUPERMERCADO LTDA;33231223549577000152552000000018061002148268;200;000001806;29/12/2023;Efetivada;621 - PRESUNTO SADIA COZ. KG;KG;1,00;0,21;22,19;0,00;0,00;0,00;0,00;5927;0,00;44,73;8,06;0,00;0,00;4,75;193,55
000001 - MERCADELI SUPERMERCADO LTDA;615 - MERCADELI SUPERMERCADO LTDA;33231223549577000152552000000018061002148268;200;000001806;29/12/2023;Efetivada;621 - PRESUNTO SADIA COZ. KG;KG;1,00;0,89;22,19;0,00;0,00;0,00;0,00;5927;0,00;44,73;8,06;0,00;0,00;19,66;193,55
000001 - MERCADELI SUPERMERCADO LTDA;615 - MERCADELI SUPERMERCADO LTDA;33231223549577000152552000000018061002148268;200;000001806;29/12/2023;Efetivada;637 - MORTADELA PERDIGAO OURO KG;KG;1,00;0,09;18,44;0,00;0,00;0,00;0,00;5927;0,00;44,73;8,06;0,00;0,00;1,70;193,55
000001 - MERCADELI SUPERMERCADO LTDA;615 - MERCADELI SUPERMERCADO LTDA;33231223549577000152552000000018061002148268;200;000001806;29/12/2023;Efetivada;637 - MORTADELA PERDIGAO OURO KG;KG;1,00;0,11;18,44;0,00;0,00;0,00;0,00;5927;0,00;44,73;8,06;0,00;0,00;2,06;193,55
000001 - MERCADELI SUPERMERCADO LTDA;615 - MERCADELI SUPERMERCADO LTDA;33231223549577000152552000000018061002148268;200;000001806;29/12/2023;Efetivada;637 - MORTADELA PERDIGAO OURO KG;KG;1,00;0,18;18,44;0,00;0,00;0,00;0,00;5927;0,00;44,73;8,06;0,00;0,00;3,36;193,55
000001 - MERCADELI SUPERMERCADO LTDA;615 - MERCADELI SUPERMERCADO LTDA;33231223549577000152552000000018061002148268;200;000001806;29/12/2023;Efetivada;637 - MORTADELA PERDIGAO OURO KG;KG;1,00;0,31;18,44;0,00;0,00;0,00;0,00;5927;0,00;44,73;8,06;0,00;0,00;5,68;193,55
000001 - MERCADELI SUPERMERCADO LTDA;615 - MERCADELI SUPERMERCADO LTDA;33231223549577000152552000000018061002148268;200;000001806;29/12/2023;Efetivada;10406 - MILHO ESPANHOL T/S MOSTARDA/MEL KG;KG;1,00;0,12;45,30;0,00;0,00;0,00;0,00;5927;0,00;44,73;8,06;0,00;0,00;5,44;193,55
000001 - MERCADELI SUPERMERCADO LTDA;615 - MERCADELI SUPERMERCADO LTDA;33231223549577000152552000000018061002148268;200;000001806;29/12/2023;Efetivada;10406 - MILHO ESPANHOL T/S MOSTARDA/MEL KG;KG;1,00;0,13;45,30;0,00;0,00;0,00;0,00;5927;0,00;44,73;8,06;0,00;0,00;5,98;193,55
000001 - MERCADELI SUPERMERCADO LTDA;615 - MERCADELI SUPERMERCADO LTDA;33231223549577000152552000000018061002148268;200;000001806;29/12/2023;Efetivada;10406 - MILHO ESPANHOL T/S MOSTARDA/MEL KG;KG;1,00;0,14;45,30;0,00;0,00;0,00;0,00;5927;0,00;44,73;8,06;0,00;0,00;6,52;193,55
000001 - MERCADELI SUPERMERCADO LTDA;615 - MERCADELI SUPERMERCADO LTDA;33231223549577000152552000000018061002148268;200;000001806;29/12/2023;Efetivada;11279 - AMENDOIM JAPONES PIMENTA KG;KG;1,00;0,17;22,30;0,00;0,00;0,00;0,00;5927;0,00;44,73;8,06;0,00;0,00;3,88;193,55
000001 - MERCADELI SUPERMERCADO LTDA;615 - MERCADELI SUPERMERCADO LTDA;33231223549577000152552000000018061002148268;200;000001806;29/12/2023;Efetivada;11279 - AMENDOIM JAPONES PIMENTA KG;KG;1,00;0,21;22,30;0,00;0,00;0,00;0,00;5927;0,00;44,73;8,06;0,00;0,00;4,59;193,55
000001 - MERCADELI SUPERMERCADO LTDA;615 - MERCADELI SUPERMERCADO LTDA;33231223549577000152552000000018061002148268;200;000001806;29/12/2023;Efetivada;11279 - AMENDOIM JAPONES PIMENTA KG;KG;1,00;0,22;22,30;0,00;0,00;0,00;0,00;5927;0,00;44,73;8,06;0,00;0,00;4,99;193,55
000001 - MERCADELI SUPERMERCADO LTDA;615 - MERCADELI SUPERMERCADO LTDA;33231223549577000152552000000018061002148268;200;000001806;29/12/2023;Efetivada;11280 - AMENDOIM JAPONES CEBOLA/SALSA KG;KG;1,00;0,19;22,30;0,00;0,00;0,00;0,00;5927;0,00;44,73;8,06;0,00;0,00;4,24;193,55
000001 - MERCADELI SUPERMERCADO LTDA;615 - MERCADELI SUPERMERCADO LTDA;33231223549577000152552000000018061002148268;200;000001806;29/12/2023;Efetivada;11281 - AMENDOIM JAPONES TRAD. KG;KG;1,00;0,18;22,30;0,00;0,00;0,00;0,00;5927;0,00;44,73;8,06;0,00;0,00;4,10;193,55
000001 - MERCADELI SUPERMERCADO LTDA;615 - MERCADELI SUPERMERCADO LTDA;33231223549577000152552000000018061002148268;200;000001806;29/12/2023;Efetivada;11983 - PEITO DE PERU PERDIGAO DEF. KG;KG;1,00;0,04;31,69;0,00;0,00;0,00;0,00;5927;0,00;44,73;8,06;0,00;0,00;1,39;193,55
000001 - MERCADELI SUPERMERCADO LTDA;615 - MERCADELI SUPERMERCADO LTDA;33231223549577000152552000000018061002148268;200;000001806;29/12/2023;Efetivada;11983 - PEITO DE PERU PERDIGAO DEF. KG;KG;1,00;0,21;31,69;0,00;0,00;0,00;0,00;5927;0,00;44,73;8,06;0,00;0,00;6,53;193,55
000001 - MERCADELI SUPERMERCADO LTDA;615 - MERCADELI SUPERMERCADO LTDA;33231223549577000152552000000018061002148268;200;000001806;29/12/2023;Efetivada;14012 - QUEIJO PRATO BASEL LANCHE KG;KG;1,00;0,12;30,90;0,00;0,00;0,00;0,00;5927;0,00;44,73;8,06;0,00;0,00;3,58;193,55
000001 - MERCADELI SUPERMERCADO LTDA;615 - MERCADELI SUPERMERCADO LTDA;33231223549577000152552000000018061002148268;200;000001806;29/12/2023;Efetivada;14012 - QUEIJO PRATO BASEL LANCHE KG;KG;1,00;0,21;30,90;0,00;0,00;0,00;0,00;5927;0,00;44,73;8,06;0,00;0,00;6,43;193,55
000001 - MERCADELI SUPERMERCADO LTDA;615 - MERCADELI SUPERMERCADO LTDA;33231223549577000152552000000018061002148268;200;000001806;29/12/2023;Efetivada;14012 - QUEIJO PRATO BASEL LANCHE KG;KG;1,00;0,39;30,90;0,00;0,00;0,00;0,00;5927;0,00;44,73;8,06;0,00;0,00;12,11;193,55
000001 - MERCADELI SUPERMERCADO LTDA;615 - MERCADELI SUPERMERCADO LTDA;33231223549577000152552000000018061002148268;200;000001806;29/12/2023;Efetivada;14273 - QUEIJO MUSSARELA BASEL KG;KG;1,00;0,24;29,90;0,00;0,00;0,00;0,00;5927;0,00;44,73;8,06;0,00;0,00;7,23;193,55
000001 - MERCADELI SUPERMERCADO LTDA;615 - MERCADELI SUPERMERCADO LTDA;33231223549577000152552000000018061002148268;200;000001806;29/12/2023;Efetivada;15886 - QUEIJO MUSSARELA GRAN FILATA KG;KG;1,00;0,24;25,50;0,00;0,00;0,00;0,00;5927;0,00;44,73;8,06;0,00;0,00;6,07;193,55
000001 - MERCADELI SUPERMERCADO LTDA;615 - MERCADELI SUPERMERCADO LTDA;33231223549577000152552000000018061002148268;200;000001806;29/12/2023;Efetivada;15886 - QUEIJO MUSSARELA GRAN FILATA KG;KG;1,00;0,26;25,50;0,00;0,00;0,00;0,00;5927;0,00;44,73;8,06;0,00;0,00;6,53;193,55
000001 - MERCADELI SUPERMERCADO LTDA;615 - MERCADELI SUPERMERCADO LTDA;33231223549577000152552000000018061002148268;200;000001806;29/12/2023;Efetivada;15886 - QUEIJO MUSSARELA GRAN FILATA KG;KG;1,00;0,28;25,50;0,00;0,00;0,00;0,00;5927;0,00;44,73;8,06;0,00;0,00;7,09;193,55
000001 - MERCADELI SUPERMERCADO LTDA;615 - MERCADELI SUPERMERCADO LTDA;33231223549577000152552000000018061002148268;200;000001806;29/12/2023;Efetivada;15886 - QUEIJO MUSSARELA GRAN FILATA KG;KG;1,00;0,28;25,50;0,00;0,00;0,00;0,00;5927;0,00;44,73;8,06;0,00;0,00;7,14;193,55
000001 - MERCADELI SUPERMERCADO LTDA;615 - MERCADELI SUPERMERCADO LTDA;33231223549577000152552000000018061002148268;200;000001806;29/12/2023;Efetivada;15886 - QUEIJO MUSSARELA GRAN FILATA KG;KG;1,00;0,31;25,50;0,00;0,00;0,00;0,00;5927;0,00;44,73;8,06;0,00;0,00;7,90;193,55
000001 - MERCADELI SUPERMERCADO LTDA;615 - MERCADELI SUPERMERCADO LTDA;33231223549577000152552000000018061002148268;200;000001806;29/12/2023;Efetivada;15886 - QUEIJO MUSSARELA GRAN FILATA KG;KG;1,00;0,41;25,50;0,00;0,00;0,00;0,00;5927;0,00;44,73;8,06;0,00;0,00;10,40;193,55
000001 - MERCADELI SUPERMERCADO LTDA;615 - MERCADELI SUPERMERCADO LTDA;33231223549577000152552000000018061002148268;200;000001806;29/12/2023;Efetivada;15886 - QUEIJO MUSSARELA GRAN FILATA KG;KG;1,00;0,42;25,50;0,00;0,00;0,00;0,00;5927;0,00;44,73;8,06;0,00;0,00;10,76;193,55
000001 - MERCADELI SUPERMERCADO LTDA;615 - MERCADELI SUPERMERCADO LTDA;33231223549577000152552000000018061002148268;200;000001806;29/12/2023;Efetivada;15886 - QUEIJO MUSSARELA GRAN FILATA KG;KG;1,00;0,45;25,50;0,00;0,00;0,00;0,00;5927;0,00;44,73;8,06;0,00;0,00;11,42;193,55
000001 - MERCADELI SUPERMERCADO LTDA;615 - MERCADELI SUPERMERCADO LTDA;33231223549577000152552000000018071002148273;200;000001807;29/12/2023;Efetivada;234 - REQUEIJAO ELEGE TRADICIONAL 200G;UN;1,00;1,00;6,15;0,00;0,00;0,00;0,00;5927;0,00;21,35;3,84;0,00;0,00;6,15;440,53
000001 - MERCADELI SUPERMERCADO LTDA;615 - MERCADELI SUPERMERCADO LTDA;33231223549577000152552000000018071002148273;200;000001807;29/12/2023;Efetivada;631 - MARGARINA QUALY 500G;UN;1,00;6,00;6,03;0,00;0,00;0,00;0,00;5927;0,00;21,35;3,84;0,00;0,00;36,18;440,53
000001 - MERCADELI SUPERMERCADO LTDA;615 - MERCADELI SUPERMERCADO LTDA;33231223549577000152552000000018071002148273;200;000001807;29/12/2023;Efetivada;3029 - NESTON MAMAO/MACA/B./C. 170G;UN;1,00;1,00;2,59;0,00;0,00;0,00;0,00;5927;0,00;21,35;3,84;0,00;0,00;2,59;440,53
000001 - MERCADELI SUPERMERCADO LTDA;615 - MERCADELI SUPERMERCADO LTDA;33231223549577000152552000000018071002148273;200;000001807;29/12/2023;Efetivada;3029 - NESTON MAMAO/MACA/B./C. 170G;UN;1,00;5,00;2,59;0,00;0,00;0,00;0,00;5927;0,00;21,35;3,84;0,00;0,00;12,95;440,53
000001 - MERCADELI SUPERMERCADO LTDA;615 - MERCADELI SUPERMERCADO LTDA;33231223549577000152552000000018071002148273;200;000001807;29/12/2023;Efetivada;3292 - REQUEIJAO TIROLEZ 200G;UN;1,00;1,00;5,73;0,00;0,00;0,00;0,00;5927;0,00;21,35;3,84;0,00;0,00;5,73;440,53
000001 - MERCADELI SUPERMERCADO LTDA;615 - MERCADELI SUPERMERCADO LTDA;33231223549577000152552000000018071002148273;200;000001807;29/12/2023;Efetivada;4139 - IOG. ITAMBE COCO 170G;UN;1,00;1,00;2,05;0,00;0,00;0,00;0,00;5927;0,00;21,35;3,84;0,00;0,00;2,05;440,53
000001 - MERCADELI SUPERMERCADO LTDA;615 - MERCADELI SUPERMERCADO LTDA;33231223549577000152552000000018071002148273;200;000001807;29/12/2023;Efetivada;4366 - MASSA P/ PASTEL MASSA LEVE 400G;UN;1,00;2,00;5,91;0,00;0,00;0,00;0,00;5927;0,00;21,35;3,84;0,00;0,00;11,82;440,53
000001 - MERCADELI SUPERMERCADO LTDA;615 - MERCADELI SUPERMERCADO LTDA;33231223549577000152552000000018071002148273;200;000001807;29/12/2023;Efetivada;5557 - REQUEIJAO CATUPIRY ORIGINAL 250G;UN;1,00;1,00;13,02;0,00;0,00;0,00;0,00;5927;0,00;21,35;3,84;0,00;0,00;13,02;440,53
000001 - MERCADELI SUPERMERCADO LTDA;615 - MERCADELI SUPERMERCADO LTDA;33231223549577000152552000000018071002148273;200;000001807;29/12/2023;Efetivada;6257 - IOG. ITAMBE INTEGRAL 170G;UN;1,00;4,00;2,43;0,00;0,00;0,00;0,00;5927;0,00;21,35;3,84;0,00;0,00;9,72;440,53
000001 - MERCADELI SUPERMERCADO LTDA;615 - MERCADELI SUPERMERCADO LTDA;33231223549577000152552000000018071002148273;200;000001807;29/12/2023;Efetivada;6588 - QUEIJO MUSSARELA TIROLEZ FAT. 150G;UN;1,00;5,00;6,51;0,00;0,00;0,00;0,00;5927;0,00;21,35;3,84;0,00;0,00;32,55;440,53
000001 - MERCADELI SUPERMERCADO LTDA;615 - MERCADELI SUPERMERCADO LTDA;33231223549577000152552000000018071002148273;200;000001807;29/12/2023;Efetivada;7149 - IOG. NESTLE NAT. INTEGRAL 170G;UN;1,00;4,00;2,57;0,00;0,00;0,00;0,00;5927;0,00;21,35;3,84;0,00;0,00;10,28;440,53
000001 - MERCADELI SUPERMERCADO LTDA;615 - MERCADELI SUPERMERCADO LTDA;33231223549577000152552000000018071002148273;200;000001807;29/12/2023;Efetivada;7298 - CREAM CHEESE DANUBIO LIGHT 300G;UN;1,00;1,00;11,51;0,00;0,00;0,00;0,00;5927;0,00;21,35;3,84;0,00;0,00;11,51;440,53
000001 - MERCADELI SUPERMERCADO LTDA;615 - MERCADELI SUPERMERCADO LTDA;33231223549577000152552000000018071002148273;200;000001807;29/12/2023;Efetivada;7903 - REQUEIJAO CREM. FRIMESA 200G;UN;1,00;4,00;5,75;0,00;0,00;0,00;0,00;5927;0,00;21,35;3,84;0,00;0,00;23,00;440,53
000001 - MERCADELI SUPERMERCADO LTDA;615 - MERCADELI SUPERMERCADO LTDA;33231223549577000152552000000018071002148273;200;000001807;29/12/2023;Efetivada;8210 - IOG. FRIMESA MORANG. PROTEIN ZERO 170G;UN;1,00;1,00;3,45;0,00;0,00;0,00;0,00;5927;0,00;21,35;3,84;0,00;0,00;3,45;440,53
000001 - MERCADELI SUPERMERCADO LTDA;615 - MERCADELI SUPERMERCADO LTDA;33231223549577000152552000000018071002148273;200;000001807;29/12/2023;Efetivada;9116 - REQUEIJAO TIROLEZ CREMOSO 480G;UN;1,00;4,00;13,07;0,00;0,00;0,00;0,00;5927;0,00;21,35;3,84;0,00;0,00;52,28;440,53
000001 - MERCADELI SUPERMERCADO LTDA;615 - MERCADELI SUPERMERCADO LTDA;33231223549577000152552000000018071002148273;200;000001807;29/12/2023;Efetivada;10591 - FLAN FRIMESA CARAMELO 200G;UN;1,00;1,00;2,68;0,00;0,00;0,00;0,00;5927;0,00;21,35;3,84;0,00;0,00;2,68;440,53
000001 - MERCADELI SUPERMERCADO LTDA;615 - MERCADELI SUPERMERCADO LTDA;33231223549577000152552000000018071002148273;200;000001807;29/12/2023;Efetivada;10898 - MANTEIGA REGINA C/ SAL 200G;UN;1,00;8,00;10,00;0,00;0,00;0,00;0,00;5927;0,00;21,35;3,84;0,00;0,00;80,00;440,53
000001 - MERCADELI SUPERMERCADO LTDA;615 - MERCADELI SUPERMERCADO LTDA;33231223549577000152552000000018071002148273;200;000001807;29/12/2023;Efetivada;11253 - PAO DE ALHO ZINHO TRAD. 300G;UN;1,00;1,00;8,35;0,00;0,00;0,00;0,00;5927;0,00;21,35;3,84;0,00;0,00;8,35;440,53
000001 - MERCADELI SUPERMERCADO LTDA;615 - MERCADELI SUPERMERCADO LTDA;33231223549577000152552000000018071002148273;200;000001807;29/12/2023;Efetivada;11261 - SOBREMESA LAC. MILHO VERDE FRIMESA 200G;UN;1,00;1,00;2,68;0,00;0,00;0,00;0,00;5927;0,00;21,35;3,84;0,00;0,00;2,68;440,53
000001 - MERCADELI SUPERMERCADO LTDA;615 - MERCADELI SUPERMERCADO LTDA;33231223549577000152552000000018071002148273;200;000001807;29/12/2023;Efetivada;11384 - Q. MUSSARELA ITAMBE FAT. 150G;UN;1,00;1,00;6,17;0,00;0,00;0,00;0,00;5927;0,00;21,35;3,84;0,00;0,00;6,17;440,53
000001 - MERCADELI SUPERMERCADO LTDA;615 - MERCADELI SUPERMERCADO LTDA;33231223549577000152552000000018071002148273;200;000001807;29/12/2023;Efetivada;12622 - MASSA PARA PASTEL MEZZANI 400G;UN;1,00;1,00;5,49;0,00;0,00;0,00;0,00;5927;0,00;21,35;3,84;0,00;0,00;5,49;440,53
000001 - MERCADELI SUPERMERCADO LTDA;615 - MERCADELI SUPERMERCADO LTDA;33231223549577000152552000000018071002148273;200;000001807;29/12/2023;Efetivada;13805 - QUEIJO PARMESAO VIGOR FATIA 200G;UN;1,00;1,00;21,90;0,00;0,00;0,00;0,00;5927;0,00;21,35;3,84;0,00;0,00;21,90;440,53
000001 - MERCADELI SUPERMERCADO LTDA;615 - MERCADELI SUPERMERCADO LTDA;33231223549577000152552000000018071002148273;200;000001807;29/12/2023;Efetivada;14268 - IOG. NESTLE GREGO TRADICIONAL 360G;UN;1,00;1,00;7,02;0,00;0,00;0,00;0,00;5927;0,00;21,35;3,84;0,00;0,00;7,02;440,53
000001 - MERCADELI SUPERMERCADO LTDA;615 - MERCADELI SUPERMERCADO LTDA;33231223549577000152552000000018071002148273;200;000001807;29/12/2023;Efetivada;14850 - MASSA PARA PASTEL MEZZANI 200G;UN;1,00;1,00;2,75;0,00;0,00;0,00;0,00;5927;0,00;21,35;3,84;0,00;0,00;2,75;440,53
000001 - MERCADELI SUPERMERCADO LTDA;615 - MERCADELI SUPERMERCADO LTDA;33231223549577000152552000000018071002148273;200;000001807;29/12/2023;Efetivada;15045 - IOG. PARMALAT WHEYFIT CHOCO. 250ML;UN;1,00;1,00;6,10;0,00;0,00;0,00;0,00;5927;0,00;21,35;3,84;0,00;0,00;6,10;440,53
000001 - MERCADELI SUPERMERCADO LTDA;615 - MERCADELI SUPERMERCADO LTDA;33231223549577000152552000000018071002148273;200;000001807;29/12/2023;Efetivada;15229 - IOG. CAROLINA GREGO TRAD. 90G;UN;1,00;1,00;1,88;0,00;0,00;0,00;0,00;5927;0,00;21,35;3,84;0,00;0,00;1,88;440,53
000001 - MERCADELI SUPERMERCADO LTDA;615 - MERCADELI SUPERMERCADO LTDA;33231223549577000152552000000018071002148273;200;000001807;29/12/2023;Efetivada;15370 - IOG. CAROLINA P.FRUTAS V.450G;UN;1,00;1,00;6,03;0,00;0,00;0,00;0,00;5927;0,00;21,35;3,84;0,00;0,00;6,03;440,53
000001 - MERCADELI SUPERMERCADO LTDA;615 - MERCADELI SUPERMERCADO LTDA;33231223549577000152552000000018071002148273;200;000001807;29/12/2023;Efetivada;15380 - IOG.NEST.GREGO C.DE MORANGO 90G;UN;1,00;2,00;2,24;0,00;0,00;0,00;0,00;5927;0,00;21,35;3,84;0,00;0,00;4,48;440,53
000001 - MERCADELI SUPERMERCADO LTDA;615 - MERCADELI SUPERMERCADO LTDA;33231223549577000152552000000018071002148273;200;000001807;29/12/2023;Efetivada;15380 - IOG.NEST.GREGO C.DE MORANGO 90G;UN;1,00;3,00;2,24;0,00;0,00;0,00;0,00;5927;0,00;21,35;3,84;0,00;0,00;6,72;440,53
000001 - MERCADELI SUPERMERCADO LTDA;615 - MERCADELI SUPERMERCADO LTDA;33231223549577000152552000000018071002148273;200;000001807;29/12/2023;Efetivada;15689 - IOG. MUAI WHEY ABACAXI C/HORT. 250G;UN;1,00;2,00;5,28;0,00;0,00;0,00;0,00;5927;0,00;21,35;3,84;0,00;0,00;10,56;440,53
000001 - MERCADELI SUPERMERCADO LTDA;615 - MERCADELI SUPERMERCADO LTDA;33231223549577000152552000000018071002148273;200;000001807;29/12/2023;Efetivada;15724 - IOG. CAROLINA P.FRUTAS MOR.450G;UN;1,00;1,00;6,03;0,00;0,00;0,00;0,00;5927;0,00;21,35;3,84;0,00;0,00;6,03;440,53
000001 - MERCADELI SUPERMERCADO LTDA;615 - MERCADELI SUPERMERCADO LTDA;33231223549577000152552000000018071002148273;200;000001807;29/12/2023;Efetivada;15751 - ACAI FRUTTINE NATURAL 2L;UN;1,00;1,00;23,00;0,00;0,00;0,00;0,00;5927;0,00;21,35;3,84;0,00;0,00;23,00;440,53
000001 - MERCADELI SUPERMERCADO LTDA;615 - MERCADELI SUPERMERCADO LTDA;33231223549577000152552000000018071002148273;200;000001807;29/12/2023;Efetivada;16064 - CREME NUV TRAD. 100G;UN;1,00;1,00;1,96;0,00;0,00;0,00;0,00;5927;0,00;21,35;3,84;0,00;0,00;1,96;440,53
000001 - MERCADELI SUPERMERCADO LTDA;1047 - COMBATE ATACADO E VAREJO DE BEBIDAS LTDA;33231223549577000152552000000017881002118849;200;000001788;04/12/2023;Efetivada;1056 - CERVEJA HEINEKEN 330ML C/ 24UN;CX;1,00;819,00;117,00;0,00;0,00;0,00;0,00;5102;0,00;0,00;0,00;0,00;0,00;95823,00;106470,00
000001 - MERCADELI SUPERMERCADO LTDA;1047 - COMBATE ATACADO E VAREJO DE BEBIDAS LTDA;33231223549577000152552000000017881002118849;200;000001788;04/12/2023;Efetivada;14035 - CERVEJA HEINEKEN ZERO ALCOOL 330ML - 24 UNIDADES;CX;1,00;91,00;117,00;0,00;0,00;0,00;0,00;5102;0,00;0,00;0,00;0,00;0,00;10647,00;106470,00
000001 - MERCADELI SUPERMERCADO LTDA;1047 - COMBATE ATACADO E VAREJO DE BEBIDAS LTDA;33231223549577000152552000000017941002143921;200;000001794;26/12/2023;Efetivada;1056 - CERVEJA HEINEKEN 330ML C/ 24UN;CX;1,00;910,00;120,00;0,00;0,00;0,00;0,00;5102;0,00;0,00;0,00;0,00;0,00;109200,00;109200,00
000001 - MERCADELI SUPERMERCADO LTDA;1047 - COMBATE ATACADO E VAREJO DE BEBIDAS LTDA;33231223549577000152552000000018021002146894;200;000001802;28/12/2023;Efetivada;1056 - CERVEJA HEINEKEN 330ML C/ 24UN;CX;24,00;910,00;120,00;0,00;0,00;0,00;0,00;5405;0,00;0,00;0,00;0,00;0,00;109200,00;109200,00
000001 - MERCADELI SUPERMERCADO LTDA;1714 - FENIXX SEGURANÇA E TRANSPORTE;33231223549577000152552000000017901002126769;200;000001790;11/12/2023;Efetivada;870 - ESPONJA MULTIUSO LIMPPANO UN.;UN;1,00;1298,00;3,99;0,00;0,00;0,00;0,00;5102;0,00;121558,00;21880,44;0,00;0,00;5179,02;347825,25
000001 - MERCADELI SUPERMERCADO LTDA;1714 - FENIXX SEGURANÇA E TRANSPORTE;33231223549577000152552000000017901002126769;200;000001790;11/12/2023;Efetivada;1633 - SACO DE LIXO 100L KOKINOS;UN;1,00;3000,00;12,10;0,00;0,00;0,00;0,00;5102;0,00;121558,00;21880,44;0,00;0,00;36300,00;347825,25
000001 - MERCADELI SUPERMERCADO LTDA;1714 - FENIXX SEGURANÇA E TRANSPORTE;33231223549577000152552000000017901002126769;200;000001790;11/12/2023;Efetivada;3526 - LA DE ACO BOMBRIL ECO 60G;UN;1,00;1500,00;9,59;0,00;0,00;0,00;0,00;5102;0,00;121558,00;21880,44;0,00;0,00;14385,00;347825,25
000001 - MERCADELI SUPERMERCADO LTDA;1714 - FENIXX SEGURANÇA E TRANSPORTE;33231223549577000152552000000017901002126769;200;000001790;11/12/2023;Efetivada;4838 - CLORO CLORAL 2L;UN;1,00;3000,00;13,99;0,00;0,00;0,00;0,00;5102;0,00;121558,00;21880,44;0,00;0,00;41970,00;347825,25
000001 - MERCADELI SUPERMERCADO LTDA;1714 - FENIXX SEGURANÇA E TRANSPORTE;33231223549577000152552000000017901002126769;200;000001790;11/12/2023;Efetivada;6247 - DET. PO SURF LAVANDA 800G;UN;1,00;1977,00;11,99;0,00;0,00;0,00;0,00;5102;0,00;121558,00;21880,44;0,00;0,00;23704,23;347825,25
000001 - MERCADELI SUPERMERCADO LTDA;1714 - FENIXX SEGURANÇA E TRANSPORTE;33231223549577000152552000000017901002126769;200;000001790;11/12/2023;Efetivada;6533 - AGUA SANITARIA BRILUX 2L;UN;1,00;3000,00;13,59;0,00;0,00;0,00;0,00;5102;0,00;121558,00;21880,44;0,00;0,00;40770,00;347825,25
000001 - MERCADELI SUPERMERCADO LTDA;1714 - FENIXX SEGURANÇA E TRANSPORTE;33231223549577000152552000000017901002126769;200;000001790;11/12/2023;Efetivada;7946 - SABAO PASTOSO NEUTRAL 200G;UN;1,00;1700,00;9,79;0,00;0,00;0,00;0,00;5102;0,00;121558,00;21880,44;0,00;0,00;16643,00;347825,25
000001 - MERCADELI SUPERMERCADO LTDA;1714 - FENIXX SEGURANÇA E TRANSPORTE;33231223549577000152552000000017901002126769;200;000001790;11/12/2023;Efetivada;8039 - ALCOOL 70° INPM PINDORAMA  1L;UN;1,00;3000,00;13,99;0,00;0,00;0,00;0,00;5102;0,00;121558,00;21880,44;0,00;0,00;41970,00;347825,25
000001 - MERCADELI SUPERMERCADO LTDA;1714 - FENIXX SEGURANÇA E TRANSPORTE;33231223549577000152552000000017901002126769;200;000001790;11/12/2023;Efetivada;10018 - RODO BRILHUS MEDIO 1UN;UN;1,00;1000,00;35,90;0,00;0,00;0,00;0,00;5102;0,00;121558,00;21880,44;0,00;0,00;35900,00;347825,25
000001 - MERCADELI SUPERMERCADO LTDA;1714 - FENIXX SEGURANÇA E TRANSPORTE;33231223549577000152552000000017901002126769;200;000001790;11/12/2023;Efetivada;10020 - VASSOURA BRILHUS P/ PISOS 1UN;UN;1,00;1000,00;35,90;0,00;0,00;0,00;0,00;5102;0,00;121558,00;21880,44;0,00;0,00;35900,00;347825,25
000001 - MERCADELI SUPERMERCADO LTDA;1714 - FENIXX SEGURANÇA E TRANSPORTE;33231223549577000152552000000017901002126769;200;000001790;11/12/2023;Efetivada;10299 - DESINFETANTE LYSOFORM ORIGINAL 1L;UN;1,00;1200,00;16,99;0,00;0,00;0,00;0,00;5102;0,00;121558,00;21880,44;0,00;0,00;20388,00;347825,25
000001 - MERCADELI SUPERMERCADO LTDA;1714 - FENIXX SEGURANÇA E TRANSPORTE;33231223549577000152552000000017901002126769;200;000001790;11/12/2023;Efetivada;12824 - VEJA X14 TIRA LIMO B. GATILHO 500ML;UN;1,00;1100,00;19,99;0,00;0,00;0,00;0,00;5102;0,00;121558,00;21880,44;0,00;0,00;21989,00;347825,25
000001 - MERCADELI SUPERMERCADO LTDA;1714 - FENIXX SEGURANÇA E TRANSPORTE;33231223549577000152552000000017901002126769;200;000001790;11/12/2023;Efetivada;14862 - PANO DE CHAO COLOR SEU LAR 1UN;UN;1,00;1300,00;9,79;0,00;0,00;0,00;0,00;5102;0,00;121558,00;21880,44;0,00;0,00;12727,00;347825,25
000001 - MERCADELI SUPERMERCADO LTDA;1714 - FENIXX SEGURANÇA E TRANSPORTE;33231223549577000152552000000017931002137002;200;000001793;19/12/2023;Efetivada;870 - ESPONJA MULTIUSO LIMPPANO UN.;UN;1,00;1150,00;3,99;0,00;0,00;0,00;0,00;5102;0,00;16185,00;2913,30;0,00;0,00;4588,50;130431,73
000001 - MERCADELI SUPERMERCADO LTDA;1714 - FENIXX SEGURANÇA E TRANSPORTE;33231223549577000152552000000017931002137002;200;000001793;19/12/2023;Efetivada;3526 - LA DE ACO BOMBRIL ECO 60G;UN;1,00;747,00;9,59;0,00;0,00;0,00;0,00;5102;0,00;16185,00;2913,30;0,00;0,00;7163,73;130431,73
000001 - MERCADELI SUPERMERCADO LTDA;1714 - FENIXX SEGURANÇA E TRANSPORTE;33231223549577000152552000000017931002137002;200;000001793;19/12/2023;Efetivada;4126 - ALVEJANTE VANISH MULTIUSO REFIL 500ML;UN;1,00;1100,00;9,29;0,00;0,00;0,00;0,00;5102;0,00;16185,00;2913,30;0,00;0,00;10219,00;130431,73
000001 - MERCADELI SUPERMERCADO LTDA;1714 - FENIXX SEGURANÇA E TRANSPORTE;33231223549577000152552000000017931002137002;200;000001793;19/12/2023;Efetivada;6247 - DET. PO SURF LAVANDA 800G;UN;1,00;850,00;11,99;0,00;0,00;0,00;0,00;5102;0,00;16185,00;2913,30;0,00;0,00;10191,50;130431,73
000001 - MERCADELI SUPERMERCADO LTDA;1714 - FENIXX SEGURANÇA E TRANSPORTE;33231223549577000152552000000017931002137002;200;000001793;19/12/2023;Efetivada;7362 - ALCOOL GEL 70 PROTECT 500G;UN;1,00;1300,00;13,99;0,00;0,00;0,00;0,00;5102;0,00;16185,00;2913,30;0,00;0,00;18187,00;130431,73
000001 - MERCADELI SUPERMERCADO LTDA;1714 - FENIXX SEGURANÇA E TRANSPORTE;33231223549577000152552000000017931002137002;200;000001793;19/12/2023;Efetivada;7525 - ALVEJANTE VANISH WHITE REFIL 500ML;UN;1,00;500,00;11,29;0,00;0,00;0,00;0,00;5102;0,00;16185,00;2913,30;0,00;0,00;5645,00;130431,73
000001 - MERCADELI SUPERMERCADO LTDA;1714 - FENIXX SEGURANÇA E TRANSPORTE;33231223549577000152552000000017931002137002;200;000001793;19/12/2023;Efetivada;7632 - AGUA SANITARIA QBOA CLORO ATIVO 2L;UN;1,00;1000,00;13,59;0,00;0,00;0,00;0,00;5102;0,00;16185,00;2913,30;0,00;0,00;13590,00;130431,73
000001 - MERCADELI SUPERMERCADO LTDA;1714 - FENIXX SEGURANÇA E TRANSPORTE;33231223549577000152552000000017931002137002;200;000001793;19/12/2023;Efetivada;7946 - SABAO PASTOSO NEUTRAL 200G;UN;1,00;900,00;9,79;0,00;0,00;0,00;0,00;5102;0,00;16185,00;2913,30;0,00;0,00;8811,00;130431,73
000001 - MERCADELI SUPERMERCADO LTDA;1714 - FENIXX SEGURANÇA E TRANSPORTE;33231223549577000152552000000017931002137002;200;000001793;19/12/2023;Efetivada;8039 - ALCOOL 70° INPM PINDORAMA  1L;UN;1,00;1300,00;13,99;0,00;0,00;0,00;0,00;5102;0,00;16185,00;2913,30;0,00;0,00;18187,00;130431,73
000001 - MERCADELI SUPERMERCADO LTDA;1714 - FENIXX SEGURANÇA E TRANSPORTE;33231223549577000152552000000017931002137002;200;000001793;19/12/2023;Efetivada;9520 - CIF MULTIUSO CREMOSO LARANJA 250ML;UN;1,00;600,00;12,29;0,00;0,00;0,00;0,00;5102;0,00;16185,00;2913,30;0,00;0,00;7374,00;130431,73
000001 - MERCADELI SUPERMERCADO LTDA;1714 - FENIXX SEGURANÇA E TRANSPORTE;33231223549577000152552000000017931002137002;200;000001793;19/12/2023;Efetivada;12824 - VEJA X14 TIRA LIMO B. GATILHO 500ML;UN;1,00;1200,00;19,99;0,00;0,00;0,00;0,00;5102;0,00;16185,00;2913,30;0,00;0,00;23988,00;130431,73
000001 - MERCADELI SUPERMERCADO LTDA;1714 - FENIXX SEGURANÇA E TRANSPORTE;33231223549577000152552000000017931002137002;200;000001793;19/12/2023;Efetivada;13281 - LIMPADOR VEJA MULTIUSO CAMPESTRE 500ML;UN;1,00;300,00;8,29;0,00;0,00;0,00;0,00;5102;0,00;16185,00;2913,30;0,00;0,00;2487,00;130431,73
000001 - MERCADELI SUPERMERCADO LTDA;1714 - FENIXX SEGURANÇA E TRANSPORTE;33231223549577000152552000000017951002144275;200;000001795;26/12/2023;Efetivada;870 - ESPONJA MULTIUSO LIMPPANO UN.;UN;1,00;1004,00;3,99;0,00;0,00;0,00;0,00;5102;0,00;61659,00;11098,62;0,00;0,00;4005,96;331521,46
000001 - MERCADELI SUPERMERCADO LTDA;1714 - FENIXX SEGURANÇA E TRANSPORTE;33231223549577000152552000000017951002144275;200;000001795;26/12/2023;Efetivada;1633 - SACO DE LIXO 100L KOKINOS;UN;1,00;2000,00;12,10;0,00;0,00;0,00;0,00;5102;0,00;61659,00;11098,62;0,00;0,00;24200,00;331521,46
000001 - MERCADELI SUPERMERCADO LTDA;1714 - FENIXX SEGURANÇA E TRANSPORTE;33231223549577000152552000000017951002144275;200;000001795;26/12/2023;Efetivada;3526 - LA DE ACO BOMBRIL ECO 60G;UN;1,00;1200,00;9,59;0,00;0,00;0,00;0,00;5102;0,00;61659,00;11098,62;0,00;0,00;11508,00;331521,46
000001 - MERCADELI SUPERMERCADO LTDA;1714 - FENIXX SEGURANÇA E TRANSPORTE;33231223549577000152552000000017951002144275;200;000001795;26/12/2023;Efetivada;4126 - ALVEJANTE VANISH MULTIUSO REFIL 500ML;UN;1,00;1200,00;9,29;0,00;0,00;0,00;0,00;5102;0,00;61659,00;11098,62;0,00;0,00;11148,00;331521,46
000001 - MERCADELI SUPERMERCADO LTDA;1714 - FENIXX SEGURANÇA E TRANSPORTE;33231223549577000152552000000017951002144275;200;000001795;26/12/2023;Efetivada;4838 - CLORO CLORAL 2L;UN;1,00;3000,00;13,99;0,00;0,00;0,00;0,00;5102;0,00;61659,00;11098,62;0,00;0,00;41970,00;331521,46
000001 - MERCADELI SUPERMERCADO LTDA;1714 - FENIXX SEGURANÇA E TRANSPORTE;33231223549577000152552000000017951002144275;200;000001795;26/12/2023;Efetivada;6247 - DET. PO SURF LAVANDA 800G;UN;1,00;1100,00;11,99;0,00;0,00;0,00;0,00;5102;0,00;61659,00;11098,62;0,00;0,00;13189,00;331521,46
000001 - MERCADELI SUPERMERCADO LTDA;1714 - FENIXX SEGURANÇA E TRANSPORTE;33231223549577000152552000000017951002144275;200;000001795;26/12/2023;Efetivada;6533 - AGUA SANITARIA BRILUX 2L;UN;1,00;3000,00;13,99;0,00;0,00;0,00;0,00;5102;0,00;61659,00;11098,62;0,00;0,00;41970,00;331521,46
000001 - MERCADELI SUPERMERCADO LTDA;1714 - FENIXX SEGURANÇA E TRANSPORTE;33231223549577000152552000000017951002144275;200;000001795;26/12/2023;Efetivada;7362 - ALCOOL GEL 70 PROTECT 500G;UN;1,00;3000,00;13,99;0,00;0,00;0,00;0,00;5102;0,00;61659,00;11098,62;0,00;0,00;41970,00;331521,46
000001 - MERCADELI SUPERMERCADO LTDA;1714 - FENIXX SEGURANÇA E TRANSPORTE;33231223549577000152552000000017951002144275;200;000001795;26/12/2023;Efetivada;7946 - SABAO PASTOSO NEUTRAL 200G;UN;1,00;1100,00;9,79;0,00;0,00;0,00;0,00;5102;0,00;61659,00;11098,62;0,00;0,00;10769,00;331521,46
000001 - MERCADELI SUPERMERCADO LTDA;1714 - FENIXX SEGURANÇA E TRANSPORTE;33231223549577000152552000000017951002144275;200;000001795;26/12/2023;Efetivada;8039 - ALCOOL 70° INPM PINDORAMA  1L;UN;1,00;3000,00;13,99;0,00;0,00;0,00;0,00;5102;0,00;61659,00;11098,62;0,00;0,00;41970,00;331521,46
000001 - MERCADELI SUPERMERCADO LTDA;1714 - FENIXX SEGURANÇA E TRANSPORTE;33231223549577000152552000000017951002144275;200;000001795;26/12/2023;Efetivada;10018 - RODO BRILHUS MEDIO 1UN;UN;1,00;500,00;35,90;0,00;0,00;0,00;0,00;5102;0,00;61659,00;11098,62;0,00;0,00;17950,00;331521,46
000001 - MERCADELI SUPERMERCADO LTDA;1714 - FENIXX SEGURANÇA E TRANSPORTE;33231223549577000152552000000017951002144275;200;000001795;26/12/2023;Efetivada;10020 - VASSOURA BRILHUS P/ PISOS 1UN;UN;1,00;500,00;35,90;0,00;0,00;0,00;0,00;5102;0,00;61659,00;11098,62;0,00;0,00;17950,00;331521,46
000001 - MERCADELI SUPERMERCADO LTDA;1714 - FENIXX SEGURANÇA E TRANSPORTE;33231223549577000152552000000017951002144275;200;000001795;26/12/2023;Efetivada;10299 - DESINFETANTE LYSOFORM ORIGINAL 1L;UN;1,00;1000,00;14,99;0,00;0,00;0,00;0,00;5102;0,00;61659,00;11098,62;0,00;0,00;14990,00;331521,46
000001 - MERCADELI SUPERMERCADO LTDA;1714 - FENIXX SEGURANÇA E TRANSPORTE;33231223549577000152552000000017951002144275;200;000001795;26/12/2023;Efetivada;12720 - LIMPA VIDRO VIDREX 500ML;UN;1,00;950,00;20,99;0,00;0,00;0,00;0,00;5102;0,00;61659,00;11098,62;0,00;0,00;19940,50;331521,46
000001 - MERCADELI SUPERMERCADO LTDA;1714 - FENIXX SEGURANÇA E TRANSPORTE;33231223549577000152552000000017951002144275;200;000001795;26/12/2023;Efetivada;12824 - VEJA X14 TIRA LIMO B. GATILHO 500ML;UN;1,00;900,00;19,99;0,00;0,00;0,00;0,00;5102;0,00;61659,00;11098,62;0,00;0,00;17991,00;331521,46
000001 - MERCADELI SUPERMERCADO LTDA;1751 - BOTELHO E VIEIRA ARMAZEM ANGRA LTDA;33231223549577000152552000000018001002145575;200;000001800;27/12/2023;Efetivada;1056 - CERVEJA HEINEKEN 330ML C/ 24UN;CX;1,00;564,00;120,00;0,00;0,00;0,00;0,00;5102;0,00;0,00;0,00;0,00;0,00;67680,00;91473,60
000001 - MERCADELI SUPERMERCADO LTDA;1751 - BOTELHO E VIEIRA ARMAZEM ANGRA LTDA;33231223549577000152552000000018001002145575;200;000001800;27/12/2023;Efetivada;1321 - CERVEJA HEINEKEN 600ML C/ 24UN;CX;1,00;84,00;183,00;0,00;0,00;0,00;0,00;5102;0,00;0,00;0,00;0,00;0,00;15372,00;91473,60
000001 - MERCADELI SUPERMERCADO LTDA;1751 - BOTELHO E VIEIRA ARMAZEM ANGRA LTDA;33231223549577000152552000000018001002145575;200;000001800;27/12/2023;Efetivada;2397 - COCA COLA 350ML C/ 12UN.;CX;1,00;264,00;31,90;0,00;0,00;0,00;0,00;5102;0,00;0,00;0,00;0,00;0,00;8421,60;91473,60
000001 - MERCADELI SUPERMERCADO LTDA;1752 - FRAGUINHA ROUPAS E ACESSORIOS LTDA;33231223549577000152552000000017921002127760;200;000001792;12/12/2023;Efetivada;1056 - CERVEJA HEINEKEN 330ML C/ 24UN;CX;1,00;182,00;119,90;0,00;0,00;0,00;0,00;5102;0,00;0,00;0,00;0,00;0,00;21821,80;54241,00
000001 - MERCADELI SUPERMERCADO LTDA;1752 - FRAGUINHA ROUPAS E ACESSORIOS LTDA;33231223549577000152552000000017921002127760;200;000001792;12/12/2023;Efetivada;2397 - COCA COLA 350ML C/ 12UN.;CX;1,00;1056,00;30,70;0,00;0,00;0,00;0,00;5102;0,00;0,00;0,00;0,00;0,00;32419,20;54241,00
000001 - MERCADELI SUPERMERCADO LTDA;1753 - FRAGUINHA ROUPAS E ACESSORIOS LTDA;33231223549577000152552000000017911002127754;200;000001791;12/12/2023;Efetivada;1056 - CERVEJA HEINEKEN 330ML C/ 24UN;CX;1,00;182,00;119,90;0,00;0,00;0,00;0,00;5102;0,00;0,00;0,00;0,00;0,00;21821,80;54241,00
000001 - MERCADELI SUPERMERCADO LTDA;1753 - FRAGUINHA ROUPAS E ACESSORIOS LTDA;33231223549577000152552000000017911002127754;200;000001791;12/12/2023;Efetivada;2397 - COCA COLA 350ML C/ 12UN.;CX;1,00;1056,00;30,70;0,00;0,00;0,00;0,00;5102;0,00;0,00;0,00;0,00;0,00;32419,20;54241,00
